protein_id,protein_len,window_id,window_start_1based,window_end_1based,window_len,window_seq,window_mean_plddt
A2RUC4,315,5,151,180,30,SSPGLQLWTHYDVMDNLLIQVTGKKRVVLF,97.89600000000002
A6NKB5,2137,13,391,420,30,ESSLHLRVVGTEKTSVKSDAEPTNPGAAGS,25.97933333333333
O14654,1257,7,211,240,30,AQPDGEPAALAAAAAAEPPFYKDVWQVIVK,62.09166666666666
O00635,465,5,151,180,30,EDRCTEQKLSTAMRITKWKEKVQIQRQKIR,95.657
A2RUB6,948,8,241,270,30,WKPADIFSTLGERECDRSSLEAKKAQWRKE,64.60266666666666
O00746,187,1,31,60,30,GGPSWTRERTLVAVKPDGVQRRLVGDVIQR,86.82400000000001
O00624,439,1,31,60,30,MITQRVSLSIAIIAMVNTTQQQGLSNASTE,67.43433333333331
A0JNW5,1464,32,961,990,30,ISFMDYLSDKHLGKISEDESSGLVYKSGSG,30.641666666666666
O14757,476,6,181,210,30,RREFHAEPVDVWSCGIVLTAMLAGELPWDQ,95.36433333333332
O00635,465,4,121,150,30,HKGHTTALVEDVCQGYKEKLQKAVTKLKQL,93.31833333333331
A6BM72,1044,8,241,270,30,HHITGECACPPGWTGAVCAQPCPPGTFGQN,85.32133333333333
O00168,92,2,61,90,30,RCKFNQQQRTGEPDEEEGTFRSSIRRLSTR,57.03400000000001
A6QL63,1104,0,1,30,30,MARRGKKPVVRTLEDLTLDSGYGGAADSVR,28.29733333333333
O00268,1085,28,841,870,30,AGVNLSEESARILATNSELVGTLTRSCKDE,68.23366666666668
O00712,420,13,391,420,30,PHLNPQDTLKNYVPSYDPSSPQTSQSWYLG,43.12733333333334
O00409,490,2,61,90,30,TNLNWLHESKNLLKSFGESVLRSVSPVQDL,54.701
A7XYQ1,873,5,151,180,30,CAWCQKVGIKRYSLSMGSEVKSFCSEKCFA,93.65
O00507,2555,3,91,120,30,PKGELEVLLEAAIDLSVKGLDVKSEACQRF,89.39866666666667
A7MD48,611,3,91,120,30,GHSASHDKDLTPPPSSRGKKKKKKSTRKKR,49.05866666666667
A1A4S6,786,18,541,570,30,TLMRPQEETVAALMDLKFQNIVVEILIENH,91.507
O00337,649,9,271,300,30,VFFSCVISVLYHVGLMQWVILKIAWLMQVT,90.067
O00329,1044,11,331,360,30,SKVNADERMKLVVQAGLFHGNEMLCKTVSS,94.723
A6NGG8,1288,33,991,1020,30,GRKASPTRTHWVPQADKRRRSLPSSYRPAQ,39.21433333333333
A6NGG8,1288,24,721,750,30,NVRGCPTRTSVKKLIETFSPTESLRMLGDS,46.12033333333333
A0JP26,581,7,211,240,30,IKAVQCQEDECVLMLLEHGADGNIQDEYGN,95.89066666666665
A7E2V4,1837,2,61,90,30,GGSGGTRMRDGLVIPLVELSAKQVAFHIPF,68.443
O00115,360,9,271,300,30,WQVLNVNQIAFPGPAGPSFNSTEDHSKWCV,95.86066666666667
A6BM72,1044,25,751,780,30,RVCQCQNGASCDHISGKCTCRTGFTGQHCE,87.75033333333334
O14628,629,7,211,240,30,THSKIFQYNKYVKIFDNFSNLHRRNISNTG,33.087666666666664
A0JP26,581,10,301,330,30,LDRYGRTALILAVCCGSASIVNLLLEQNVD,93.72066666666666
O14497,2285,41,1231,1260,30,DPYGSMRKAPGSDPFMSSGQGPNGGMGDPY,33.86433333333334
A5D8V7,595,2,61,90,30,GAGKPSVHSQVAELHKKIQLLEGDRKAFFE,80.82166666666666
O00214,317,8,241,270,30,RNSFLQESWGEEERNITSFPFSPGMYFEMI,94.22733333333332
A8MQ03,144,1,31,60,30,EVASTCSSSSEMQPLPVGPCAPEPTHLLQP,47.196000000000005
A7E2V4,1837,31,931,960,30,DVLCAPGSRPPSRNWNSETPGDEELGFEAA,71.46600000000002
B1AK53,854,18,541,570,30,EEVRARQPARAGCPRLGPAARGSLEGPSAP,37.11733333333334
O00337,649,5,151,180,30,WFKRGLALAAFLGLVLWLSLDTSQRPEQLV,81.63866666666667
A6H8Y1,2624,62,1861,1890,30,SKAMLVTLRASQEEDDDADDFESDYEEESY,35.49
A6NGG8,1288,1,31,60,30,GCQGGSERGSIPLLVKNSTCYDAGEGLAEE,37.48166666666666
O14524,444,12,361,390,30,ELREFCNSPDCSAWKTVSRIQSPKRFADFV,89.78899999999999
A4D1B5,854,0,1,30,30,MALRLVADFDLGKDVLPWLRAQRAVSEASG,79.71866666666666
B1AK53,854,15,451,480,30,PPPGYPAPKPPVGPQAADIYMQTKNKLRHV,51.44899999999999
O14788,317,6,181,210,30,KVSLSSWYHDRGWAKISNMTFSNGKLIVNQ,97.158
O00462,879,24,721,750,30,RVHTWSSLEPVCSRVTERFVMKGGEAVCLY,95.10166666666666
O00622,381,8,241,270,30,KTCGTGISTRVTNDNPECRLVKETRICEVR,83.92633333333333
A7XYQ1,873,14,421,450,30,NPNSPLSNPMLPGIGPPPGGPRNLGPTSSP,44.46133333333333
O14654,1257,22,661,690,30,RGATKECKEAKEVKDAEIPEGAARGPHRAR,36.17900000000001
O14497,2285,64,1921,1950,30,TLTEDGAKSSEAIKESSKFPFGISPAQSHR,31.098666666666663
O00462,879,3,91,120,30,SKWQKVNLILEGVDTVSKILFNEVTIGETD,97.52366666666668
A8MW99,385,5,151,180,30,MQFLQYLLELKNLTESGNLKRDLTHFEKDS,58.499
O00478,584,9,271,300,30,WRQQKEKIALSRETEREREMKEMGYAATEQ,80.70000000000002
O00254,374,9,271,300,30,FLIPFVLIIYCYAAIIRTLNAYDHRWLWYV,84.47933333333334
O14497,2285,16,481,510,30,QQPPYSQQPPSQTPHAQPSYQQQPQSQPPQ,33.88633333333333
A5D8V7,595,0,1,30,30,MTSPLCRAASANALPPQDQASTPSSRVKGR,36.836
O00159,1063,5,151,180,30,KRLLQFYAETCPAPERGGAVRDRLLQSNPV,79.71033333333334
O14654,1257,6,181,210,30,AENESEQESWYLLLSRLILESKRRRCGTLG,80.61100000000002
O14497,2285,34,1021,1050,30,KMWVDRYLAFTEEKAMGMTNLPAVGRKPLD,79.375
O14744,637,3,91,120,30,RPDSKVEKIRRNSEAAMLQELNFGAYLGLP,96.77966666666669
A8MW99,385,4,121,150,30,FVESCTPTHFPPLPLVKRPCAILQNPLSSH,39.014
A1X283,911,29,871,900,30,QEGTVFEVREKNSSGWWFCQVLSGAPSWEG,84.72266666666665
O00268,1085,14,421,450,30,SGIRATLTPTVLAPRLPQPPQNPTNIQNFQ,35.001333333333335
O00268,1085,12,361,390,30,LAASGPASTAASMVIGPTMQGALPSPAAVP,35.776
A0JP26,581,12,361,390,30,KEKQMLKISSENSNPEQDLKLTSEEESQRL,55.99066666666668
O14497,2285,30,901,930,30,MHVAANSIQNRPPGYPNMNQGGMMGTGPPY,31.17900000000001
O14654,1257,36,1081,1110,30,ERRRPQSRSQSFFAAARAAVSAFPTDSLER,34.11533333333334
A6H8Y1,2624,68,2041,2070,30,ELSSPVITTSPASFEENKIVLEEQSSREEI,28.66233333333333
A0JNW5,1464,28,841,870,30,LRKDVEAVTGSPASQTSICIGILLRSAELA,86.325
O00507,2555,64,1921,1950,30,QCFGGEYMGEVFDHMMKRMSYRRQKRWWNA,78.341
A2RUB6,948,21,631,660,30,SLMERDITNCSSPEISAELIGQFSTKKNKQ,39.03833333333333
A1A4S6,786,13,391,420,30,LDKMGFTIIRKCISAVETRGINDQGLYRVV,94.71666666666668
B7U540,433,10,301,330,30,GMVEATAMTTQARSSYLANEILWGHRFEPV,96.14866666666668
O00330,501,5,151,180,30,PPVSKPSEPRPSPEPQISIPVKKEHIPGTL,47.17266666666667
O14638,875,11,331,360,30,GGPVSARVIKALQVVDHAFGMLMEGLKQRN,98.467
A1X283,911,26,781,810,30,PQCEGHESRAAPTPGRALLVPPKAKPFLSN,32.94733333333333
O00507,2555,22,661,690,30,FLRFLLKDGQLWLCAPQAKQIWKCLAENAV,88.879
A6NKB5,2137,51,1531,1560,30,RYYIKSIIYYMVTSPKLLSWIKNESLLKSL,87.019
O00624,439,0,1,30,30,MDGKPATRKGPDFCSLRYGLALIMHFSNFT,68.48266666666667
A0A1B0GTW7,788,18,541,570,30,TPHLKEAELMGRCYLHQCTGRGAYKVQVEG,77.95400000000001
A6H8Y1,2624,34,1021,1050,30,PREKTPEVIDATEEIDLEETEREVSPQENG,34.32399999999999
O00462,879,0,1,30,30,MRLHLLLLLALCGAGTTAAELSYSLRGNWS,56.28466666666668
A3KN83,1393,44,1321,1350,30,VLASVSGTNVKMQIVRLRTEDGQRIVGLII,72.465
O00635,465,10,301,330,30,AHHELILSEDRRQVTRGYTQENQDTSSRRF,85.78633333333333
A6H8Y1,2624,39,1171,1200,30,TDLKTTGREGSSREKTREVIDAAEVIETDL,33.67933333333333
O14524,444,11,331,360,30,KGAEKPVPPRLLTEEEYRIQGEVETRKALE,86.16266666666667
O00300,401,1,31,60,30,YDEETSHQLLCDKCPPGTYLKQHCTAKWKT,94.444
A0JNW5,1464,5,151,180,30,RIYSVNAHWEHGDLRFTRIQDPQRGEVLTF,91.81633333333332
B3KU38,563,2,61,90,30,LQRQEPLGKRSPSPPSVSSEKLSSSVSMNT,49.60199999999999
C9JRZ8,316,5,151,180,30,EGLVKALGVSNFNHFQIERLLNKPGLKYKP,98.61233333333332
A2RUB6,948,14,421,450,30,EEHIAKPIKDVVMANSKKTNFLRSMTALLD,48.77966666666668
O00591,440,2,61,90,30,VQIALTLDIASISSISESNMDYTATIYLRQ,94.86533333333335
A4GXA9,379,11,331,360,30,ERERMGLLADLPVPPSEGGRPRRVGPDLSR,90.69066666666664
A6NKB5,2137,22,661,690,30,FFQGNRQRQIIYRVTSQQDSSVLQVISGPE,26.49566666666666
O00507,2555,26,781,810,30,QSSDEIANRAIDLLKEIYTNLGPRLKANQV,87.423
B6A8C7,271,6,181,210,30,FSLVDVTAGDAGNYSCMYYQTKSPFWASEP,94.93066666666664
O00506,426,5,151,180,30,QGDVKLADFGVAGQLTDTQIKRNTFVGTPF,65.35233333333332
A5D8V7,595,14,421,450,30,EATLVSQQKLQAEAQERLKKEERRHAEAKD,93.99166666666666
A6QL63,1104,16,481,510,30,WENPNVEPSKVNLQVERPFLVLPPLMEWIR,57.87400000000001
A1L3X0,281,8,241,270,30,IIMSYSFMFLLLFLHFWYRAYTKGQRLPKT,85.824
A6BM72,1044,5,151,180,30,GALCNPITGACVCAAGFRGWRCEELCAPGT,83.18499999999999
A0JP26,581,9,271,300,30,CGLTPLLLGVHEQKQQVVKFLIKKKANLNA,95.33133333333332
A0JNW5,1464,22,661,690,30,AHEQDTKMHEIYKGNITPQLNKNTLKTSAA,86.24600000000002
A6H8Y1,2624,79,2371,2400,30,QCRLDKNDHIPPAKKRSLTLRDDCQEYTTE,31.44633333333333
A1X283,911,7,211,240,30,GVQDEFSLQPEEEEKYTVIYPYTARDQDEM,67.93533333333332
A7E2V4,1837,45,1351,1380,30,DSNMVRAAAELALSCLPHAHALNPNEIQRA,92.373
O14640,695,8,241,270,30,TDSTMSLNIVTVTLNMERHHFLGISIVGQS,75.20800000000001
O00329,1044,14,421,450,30,ANLMLFDYKDQLKTGERCLYMWPSVPDEKG,90.61733333333332
O14657,336,8,241,270,30,KDLEPVLSVGVFNNKHSGLWHSGLIDKNLI,64.63933333333333
O14524,444,0,1,30,30,MAGGMKVAVSPAVGPGPWGSGVGGGGTVRL,32.940333333333335
O00762,179,1,31,60,30,VGKRLQQELMTLMMSGDKGISAFPESDNLF,95.79899999999998
A6NGG8,1288,11,331,360,30,LASGCGDPGVQGLPLCSEDSGIGADNESVQ,46.01733333333334
A2A2Y4,597,1,31,60,30,EMRCTIRLLDDSEISCHIQRETKGQFLIDH,92.65366666666668
O00159,1063,31,931,960,30,KGYKPRSRQLLLTPNAVVIVEDAKVKQRID,87.47133333333335
O00116,658,6,181,210,30,DRVFRAHGHCLHEIFLLREGMFERIPDIVL,97.99633333333335
A7E2V4,1837,57,1711,1740,30,GVNYVHQFCVGAAKGVLSPFVLQEIVMETL,87.42699999999998
O00712,420,9,271,300,30,RPKTISIDENMEPSPTGDFYPSPSSPAAGS,46.82233333333333
O00748,559,9,271,300,30,STVVANLSACDQVDSEALVGCLRGKSKEEI,92.42833333333331
A6NGG8,1288,39,1171,1200,30,LRADSQRRAALCALNPLPFLRRTASDRQPG,40.833333333333336
A5PLL7,270,0,1,30,30,MAGAENWPGQQLELDEDEASCCRWGAQHAG,57.866999999999976
O00478,584,13,391,420,30,TSGRHYWEVEVGDRKEWHIGVCSKNVERKK,94.39133333333332
O14757,476,10,301,330,30,SPVNSASSEENVKYSSSQPEPRTGLSLWDT,26.518333333333327
O14503,412,6,181,210,30,ELLQGGTSRKPSDPAPKVMDFKEKPSSPAK,47.527666666666654
O00237,685,5,151,180,30,TGTFNCSSDPRYCRRRGWVRSTLIMSVPQT,88.61500000000002
O00115,360,3,91,120,30,AFLLYNDQPPQPSKAQDSSMRGHTKGVLLL,87.31033333333335
A6NKB5,2137,63,1891,1920,30,APTTGGNNAPSGGSQESSAEQPRKGGAQHG,29.444333333333343
O00161,211,0,1,30,30,MDNLSSEEIQQRAHQITDESLESTRRILGL,86.97866666666668
A3KN83,1393,2,61,90,30,VPVKQEPETVPTPALLNVRQQPPSTTTFVL,29.839666666666663
O14497,2285,25,751,780,30,GYMQRNPQMPQYSSPQPGSALSPRQPSGGQ,30.62066666666668
O00237,685,3,91,120,30,EASESVSSTNFSGEMHFYELVEDTKDGIWL,81.28066666666668
O00507,2555,38,1141,1170,30,DMETRRGAYLNALKIAKLLLTAIGYGHVRA,89.82400000000003
A4D1B5,854,25,751,780,30,IIVRLPPLIGQKICRLWDHPMSSNIISRNH,77.49666666666666
A6H8Y1,2624,46,1381,1410,30,FSHFKISSQTHESDKTEVQGIQSPDVPEQF,30.779333333333334
O14654,1257,35,1051,1080,30,FSECCMDISLSPSRCSEPPPVARLLQEEEQ,35.22233333333334
B2RUY7,222,4,121,150,30,KNYKILEEFKPSPCEWCRCEPSNEVHCVVA,93.59333333333332
A4D1B5,854,21,631,660,30,EQMVLDYISKLLDLICHIVETNWRKHNLHS,88.23933333333333
A6H8Y1,2624,41,1231,1260,30,REEISQREKVLAEFSAIREKEIDLKETGKR,33.68933333333333
A7E2V4,1837,11,331,360,30,EWACLLRPLRGREPEGVWNLLSIVREMFKR,87.21466666666669
A6BM72,1044,15,451,480,30,SCNNGGTCSPVDGSCTCKEGWQGLDCTLPC,81.25700000000002
A6NKB5,2137,28,841,870,30,ENVLAILLIVLVSLLGFLTLSQGFCKDMWV,86.48133333333334
O14756,317,7,211,240,30,TGMTNMTQSLERMKQSWKEAPKHIKETYGQ,92.76433333333333
A2A2Y4,597,3,91,120,30,KSIFKQMKTHPPYTMCFRVKFYPHEPLKIK,91.78600000000002
O00444,970,28,841,870,30,SAASPTQAPILNPSMVTNEGLGLTTTASGT,29.98266666666667
A6QL63,1104,8,241,270,30,MESLFRDIYSRVVASGVPRSCSGPGSGSGS,61.70733333333333
A7MD48,611,6,181,210,30,HRHRHHRCPSRSQSSESRPSSCESRHRGRS,42.946
O00507,2555,60,1801,1830,30,RFDYDWERECAIKFNDYFEFPRELDMGPYT,89.86666666666665
B3KU38,563,12,361,390,30,SGKPSLSSRLQSGMNLQICFVNDSGSDKDS,59.63966666666668
O14640,695,4,121,150,30,HPNVASSRDGMDNETGTESMVSHRRERARR,41.94100000000001
A4D1B5,854,9,271,300,30,HQYRDKFSKHLTLCVFTNHTGSLCVCYSPK,75.58433333333332
B1AK53,854,6,181,210,30,QEGHLEVTQYLVQECGADPHARAHDGMTPL,96.92633333333332
A6H8Y1,2624,72,2161,2190,30,ENKDQSKLACVHGIKGTSISSEVNLTERNE,32.28433333333333
O00422,153,1,31,60,30,RVFTTNNGRHHRMDEFSRGNVPSSELQIYT,94.02133333333336
O00300,401,12,361,390,30,VTQSLKKTIRFLHSFTMYKLYQKLFLEMIG,90.642
A6BM72,1044,22,661,690,30,QDCAQLCSCANNGTCSPIDGSCQCFPGWIG,84.54166666666667
O00505,521,13,391,420,30,AISNLTISGRKDQVEYLVQQNVIPPFCNLL,97.47633333333332
A1A4S6,786,5,151,180,30,LSAKKKDSHLQEADIQVEQNRQHFYELSLE,92.92333333333336
A1A519,330,0,1,30,30,MKRRQKRKHLENEESQETAEKGGGMSKSQE,53.13466666666667
O00487,310,9,271,300,30,AIKNVGKQDPKRHLEEHVDVLMTSNIVQCL,87.53133333333334
A7XYQ1,873,2,61,90,30,FRSYPTDGESRQHISVLKENSLPKPKLPED,39.43933333333334
A6BM72,1044,0,1,30,30,MVLSLTGLIAFSFLQATLALNPEDPNVCSH,63.50733333333333
O14618,274,6,181,210,30,FRMEDEQLKVWDVIGRSLIIDEGEDDLGRG,97.281
A7E2V4,1837,33,991,1020,30,LALMITYKDDQAKLKKILDKLLDRESQTHK,80.41399999999999
A7MD48,611,0,1,30,30,MASVQQGEKQLFEKFWRGTFKAVATPRPES,74.645
A8MQ03,144,2,61,90,30,TEVPGPKGAKGNQGAAPIQNQQAWQQPGNP,49.03
A2RUB6,948,9,271,300,30,LDEQVALKKKEKEVSEKWNDPWKKSESDKI,65.25500000000002
O00268,1085,1,31,60,30,SQLAASAAHHHHLAPRTPEVRAAAAGALGN,41.54733333333333
A1L3X0,281,1,31,60,30,MSSPLPQTILLGFYVYFVTSLGPKLMENRK,95.67266666666666
O00507,2555,1,31,60,30,NQTSSPDSSNENSVATPPPEEQGQGDAPPQ,31.52099999999999
O00444,970,31,931,960,30,PNGQTTRYGENEKLPDYIKQKLQCLSSILL,84.07066666666667
O00214,317,3,91,120,30,ITYDTPFKREKSFEIVIMVLKDKFQVAVNG,94.892
O00635,465,1,31,60,30,CGHSYCHLCITDFFKNPSQKQLRQETFCCP,80.53366666666666
O00444,970,14,421,450,30,SPTDNNANIFNFFKEKTSSSSGSFERPDNN,31.767333333333333
O00762,179,0,1,30,30,MASQNRDPAATSVAAARKGAEPSGGAARGP,52.896666666666654
A7MCY6,615,1,31,60,30,SLGGDMCSASHFALITAYGDIKERLGGLER,79.93433333333333
O00400,549,2,61,90,30,FLKAPQSFRAELSSILLLLFLYVLQGIPLG,78.22866666666667
A7XYQ1,873,24,721,750,30,NVIVNGTRGAAAEGAKSAEPPPEQPPPPPP,47.286000000000016
O14763,440,12,361,390,30,LGLMDNEIKVAKAEAAGHRDTLYTMLIKWV,92.62866666666666
A0A1B0GTW7,788,10,301,330,30,MATLHELLHALGFSGQLFKKWRDCPSGFSV,85.137
O14497,2285,57,1711,1740,30,GLLELLVEYFRRCLIEIFGILKEYEVGDPG,93.45000000000002
O14628,629,15,451,480,30,SHLSEHRRIHTGEKPYQCEECGKVFRTCSS,76.91633333333334
A3KN83,1393,41,1231,1260,30,FLVYRPNTGKQLKLEIYADLKKKYKKVVSD,85.98100000000001
A4D1B5,854,4,121,150,30,QPGSKCLTLLVEIHPVNNVKVLKAVDSYIW,80.21033333333334
A6QL63,1104,13,391,420,30,RDPQRSNKPGELPMFSQSELRTIEQSLLAT,62.659
O00116,658,11,331,360,30,DLVVHIKMVTPRGIIEKSCQGPRMSTGPDI,98.43733333333331
A7XYQ1,873,21,631,660,30,PGPPGAGGQLGFPGVLQGPQDGVIDLTVGH,41.78033333333335
A1A519,330,3,91,120,30,ERGETPPRSQHVSLSSYSSYKTCVSSLCVN,44.555
O00300,401,11,331,360,30,LWRIKNGDQDTLKGLMHALKHSKTYHFPKT,89.48033333333335
A4GXA9,379,8,241,270,30,QELSRHVCAVTKALAQYPLKQYRESQAFSF,88.938
O00268,1085,11,331,360,30,PGAAAAAPAPGVKAESPKRVVQAAPPAAQT,37.26466666666667
A7XYQ1,873,7,211,240,30,TPRLAFKNNCELLVCDWCKHIRHTKEYLDF,60.63699999999999
O00507,2555,63,1891,1920,30,GKDDQTDHWYKFDDGDVTECKMDDDEEMKN,80.36433333333333
O14654,1257,4,121,150,30,SVRAAAAAAAAAASGAAIPPLIPPRRVITL,83.49766666666666
O00159,1063,18,541,570,30,EFRLLHYAGEVTYSVTGFLDKNNDLLFRNL,85.71900000000001
A8MQ03,144,3,91,120,30,YSSSQRQAGLTYAGPPPAGRGDDIAHHCCC,60.65499999999999
A7E2V4,1837,46,1381,1410,30,LVQCKEQDNLMLEKACMAVEEAAKGGGVYP,90.314
O00237,685,6,181,210,30,STSKGKVMLKEYSGRKIEVEHIFKWITAHA,82.68566666666668
O14756,317,4,121,150,30,LCEWLNTEDSMNMLKVNLIGVIQVTLSMLP,95.215
A1X283,911,10,301,330,30,DGVSRQQNAVGREKELLSSQRDGRFEGRPV,39.06466666666667
O00507,2555,25,751,780,30,RERKLIAKRRSYMMDDLELIGLDYLWRVVI,87.24366666666667
A6QL63,1104,21,631,660,30,NVEVVSTPHKYPSVHPETRHWTALTFAVLH,80.80933333333333
A6NGG8,1288,27,811,840,30,AEAAKSEELSCEMEGNLEHLPPPPMEVLMD,48.283
O00622,381,9,271,300,30,PCGQPVYSSLKKGKKCSKTKKSPEPVRFTY,78.32166666666667
A6NKB5,2137,59,1771,1800,30,SFKVIKVNKECVRGLWAGQQQELIFLRNRN,82.558
A2A2Y4,597,17,511,540,30,SYDILTGHIRVNPLVKSFSRLLVVGLGLLL,75.74666666666664
O14497,2285,9,271,300,30,FGAMGGGGPSAAGGGTPQPTATPTLNQLLT,30.40333333333333
O14640,695,9,271,300,30,NDRGDGGIYIGSIMKGGAVAADGRIEPGDM,84.17833333333333
A6H8Y1,2624,21,631,660,30,VLSQGKTESESKNSHSKTSVEKNHVEKDKM,29.77433333333333
A0PK11,232,3,91,120,30,KELNAGLHVMILLLLFLALALALVSMGFAI,95.86433333333336
D3W0D1,207,1,31,60,30,YYCLLLIFGCIVILIFIMTGIDLKFWHKKM,80.76633333333331
B3KU38,563,8,241,270,30,NVVVAGRPSCSRGPRRAIQKPQPAGGRRSG,42.087
A1X283,911,8,241,270,30,NLERGAVVEVIQKNLEGWWKIRYQGKEGWA,83.68066666666667
A6H8Y1,2624,30,901,930,30,GLKAMGREICLREKTPEVIDATEEIDKDLE,33.686666666666675
O00337,649,17,511,540,30,RLAGAEEWVGDRKQWISVRAEVLTTFALCG,92.66233333333334
A6NCS4,301,1,31,60,30,HPRVRKSPENFQYLRMDAEPRGSEVHNAGG,46.341
O00159,1063,0,1,30,30,MALQVELVPTGEIIRVVHPHRPCKLALGSD,31.202333333333332
A7E2V4,1837,19,571,600,30,GDKALHKMGPGGGKAKALGGAGSGSKGSAG,32.41833333333334
O00159,1063,19,571,600,30,KETMCSSKNPIMSQCFDRSELSDKKRPETV,84.068
O00624,439,6,181,210,30,LTTIAGSGSAFGSFIILCVGGLISQALSWP,91.13866666666668
O00409,490,14,421,450,30,RQHFAKARKVPSDTLPLKKRRTEKPPESDD,48.18633333333334
A6H8Y1,2624,58,1741,1770,30,EVSARKDCVGSKESALAKIDAELEEVGPSR,30.952666666666666
O00159,1063,13,391,420,30,TWLVGKINRSLASKDVESPSWRSTTVLGLL,78.77433333333333
A2A2Y4,597,0,1,30,30,MFASCHCVPRGRRTMKMIHFRSSSVKSLSQ,37.95333333333333
A6H8Y1,2624,1,31,60,30,RESPRPPDPATDSASKPAEPTDVPTVDFGG,37.41100000000001
A6NKB5,2137,40,1201,1230,30,LNALTIDAFLISNHRRLGTHWDIFLMIIAG,81.75566666666667
O00444,970,4,121,150,30,ITGMLYLHSHGILHRDLTLSNLLLTRNMNI,94.25066666666667
O14497,2285,69,2071,2100,30,LDLSPYPESICLPVLDGLLHWAVCPSAEAQ,95.21666666666668
O00165,279,1,31,60,30,EDDDEEEEEEGGSWGRGNPRFHSPQHPPEE,41.96566666666668
O14497,2285,10,301,330,30,SPSSARGYQGYPGGDYSGGPQDGGAGKGPA,33.458000000000006
B1AK53,854,4,121,150,30,NWLLHHGGGDPTAATDMGALPIHYAAAKGD,96.717
O00116,658,15,451,480,30,YITKFKGFDPNQLSVATLLFEGDREKVLQH,87.53299999999997
O14497,2285,8,241,270,30,SGAAAAAGSKPPPSSSASASSSSSSFAQQR,28.09366666666666
O00159,1063,34,1021,1050,30,GSITFAGGPGRDGTIDFTPGSELLITKAKN,78.21066666666667
A7E2V4,1837,15,451,480,30,WQLKVIENVKRGQHKKTLERLFPGFRPAVE,79.77299999999998
A1L3X0,281,3,91,120,30,WGIGYSFRCDIVDYSRSPTALRMARTCWLY,94.05033333333334
O00507,2555,79,2371,2400,30,FDTIQRSKNHYQKRAYQCIKCMVALFSSCP,90.463
O00506,426,7,211,240,30,GEPPNSDLHPMRVLFLIPKNSPPTLEGQHS,93.88533333333334
A6H8Y1,2624,32,961,990,30,GNESSPREKTPEVTDATEEIDKNLEETGRR,33.59766666666668
A6QL63,1104,23,691,720,30,PLQLAAAVGNFELVSLLLERGADPLIGTMY,86.86300000000001
O00505,521,2,61,90,30,DVDADFKAQNVTLEAILQNATSDNPVVQLS,74.70533333333333
A9UHW6,222,4,121,150,30,PMMALVNPVYDCLFRLAQPDSLSKEEEVDC,96.20566666666669
O00237,685,2,61,90,30,GLPEKKDVRELVEKSGDLMEGELYSALKEE,77.07933333333332
A6QL63,1104,2,61,90,30,SRHNSFDTVNTALVEDSEGLDCAGQHCSRL,32.37866666666666
A4D1B5,854,7,211,240,30,WAQWDMSEQRLYYIDLKKSRSILKCIQFYA,89.89166666666667
O00254,374,6,181,210,30,ILLLACISINRYLAIVHPFTYRGLPKHTYA,90.671
O14654,1257,39,1171,1200,30,DAEAVRGAQDVAGGSNPGAHNPSANLARGD,36.29533333333334
A0JP26,581,14,421,450,30,KHGSNPVGLPENLTNGASAGNGDDGLIPQR,33.93933333333333
A0JNW5,1464,15,451,480,30,AKLMSSSVVVRLADFNIYQVSTAEQCRSSP,84.45800000000003
O14628,629,19,571,600,30,THTGEKPYKCDECGKNFTQSSNLIVHKRIH,88.91399999999999
O14744,637,16,481,510,30,YNEVRACREKDRDPEAQFEMPYVVRLHNFH,95.825
A1A519,330,5,151,180,30,SLEKQPRMEEVTLSEVVRVGTPPSDVSTRN,58.98033333333333
D3W0D1,207,2,61,90,30,DFSQNVNVSSLSGHNYLCPNDWLLNEGKCY,75.79
C9JRZ8,316,0,1,30,30,MATFVELSTKAKMPIVGLGTWRSLLGKVKE,95.86233333333334
O00507,2555,68,2041,2070,30,ITMISIQLAARFLFTTGFHTKKIVRGPASD,89.81033333333332
O14654,1257,23,691,720,30,AFDEDEDDPYVPMRPGVATPLVSSSDYMPM,40.562666666666665
O00748,559,13,391,420,30,EEYIGDNGDPQTLQAQFQEMMADSMFVIPA,91.91866666666664
A1X283,911,16,481,510,30,GLPWSKDWKGSKDVLRKASSDMSASAGYEE,35.69033333333333
A7MCY6,615,14,421,450,30,CPAPQPRPPPPPPPGERTLAERAYAKPPSH,42.70166666666667
A4D1B5,854,3,91,120,30,QVFSCSVNSERTLLAASLVQSTKEGKRNEL,72.78666666666666
O00300,401,4,121,150,30,HRSCPPGFGVVQAGTPERNTVCKRCPDGFF,95.829
O14654,1257,33,991,1020,30,DSARWPLPPLPLSATGSNAIEEEGDYIEVI,33.455666666666666
O14654,1257,5,151,180,30,YQCFSVSQRADARYRHLIALFTQDEYFAMV,88.67466666666665
A7XYQ1,873,28,841,870,30,APCIISSPMLSAGPEDLEPPLKRRCLRIRN,53.04733333333333
A5PLL7,270,2,61,90,30,LVHLLLLARWEDTPLVILGVVAGALIADFL,97.21199999999996
A6NKB5,2137,33,991,1020,30,SAVSGITSAVYSVARSVLAAALLHAVCFSA,90.211
O14654,1257,1,31,60,30,TTPLLSSGTPTALIGTGSSCPGAMWLSTAT,36.03933333333332
O14654,1257,24,721,750,30,APQNVSASKKRHSRSPFEDSRGYMMMFPRV,49.86733333333334
O00507,2555,32,961,990,30,LITAKLTQINFNMPSSPDSSSDSSTASPGN,44.31000000000002
O00712,420,2,61,90,30,LLSEKPEIKQKWASRLLAKLRKDIRQEYRE,96.51633333333332
O00444,970,9,271,300,30,TKSKDLGTVEDSIDSGHATISTAITASSST,39.04666666666667
O00116,658,4,121,150,30,SGMGLPTFKEWIQNTLGVNVEHKTTSKASL,92.70466666666668
A6H8Y1,2624,69,2071,2100,30,SLMEKVKENATPTRNTISKVTSNLRIRSRL,31.344999999999995
A6BM72,1044,20,601,630,30,RGPLCQRICPPGFYGHGCAQPCPLCVHSSR,83.631
A5D8V7,595,6,181,210,30,LQLQHSLRLLEMAEAQNRHTEVAKTMRNLE,82.231
O00291,1037,29,871,900,30,GLISASKAVGWGATVMVDAADLVVQGRGKF,92.60366666666664
O14561,156,0,1,30,30,MASRVLSAYVSRLPAAFAPLPRVRMLAVAR,56.379000000000005
O00507,2555,21,631,660,30,YAGDHEDYDPQTVRLGSRYSHVQEVQERLN,82.945
B1AK53,854,14,421,450,30,PRGTIGKPTPPPPPPSFPPPPPPPGTQLPP,54.61866666666666
O00268,1085,21,631,660,30,KIEAEDFTSRLYRELNSSPQPYLVPFLKRS,91.23833333333336
O00505,521,8,241,270,30,QEILPALCVLIYHTDINILVDTVWALSYLT,96.37066666666666
O14654,1257,28,841,870,30,LDKEVSYNWDPKDAASKPSGEGSFSKPGDG,33.86266666666667
B7U540,433,3,91,120,30,FLASWLLFGVIFWVIAVAHGDLEPAEGHGR,87.27399999999999
O14744,637,12,361,390,30,LMVLGAGRGPLVNASLRAAKQADRRIKLYA,97.848
O00268,1085,32,961,990,30,QEREILMRAAKSRSRQEDPEQLRLKQKAKE,72.99799999999999
A5D8V7,595,1,31,60,30,EASGKPSHLRGKGTAQAWTPGRSKGGSFHR,36.61766666666667
O00159,1063,11,331,360,30,TENQLKYLTRLLSVEGSTLREALTHRKIIA,89.86233333333332
A4GXA9,379,3,91,120,30,DVLMEALEALGCECRIEPQRPARSLRWTRA,94.15
O00560,298,7,211,240,30,FIFKNGKITSIVKDSSAARNGLLTEHNICE,97.30233333333334
O00462,879,15,451,480,30,IWSGNNENEEALMMNWYHISFTDRPIYIKD,97.385
O14508,198,2,61,90,30,KLKEAPEGTFLIRDSSHSDYLLTISVKTSA,95.539
A1X283,911,19,571,600,30,PARDSRRPEPKPDKSRLFQLKNDMGLECGH,37.11333333333332
A0A1B0GTW7,788,12,361,390,30,AKHLGVSGASLGVPLEEEEGLLSSHWEARL,86.91233333333334
A1X283,911,23,691,720,30,GQDVAFSRSFLPGEGPGRAQDRTGKQDGLS,37.227
A7E2V4,1837,0,1,30,30,MELMFAEWEDGERFSFEDSDRFEEDSLCSF,27.722999999999995
A3KN83,1393,19,571,600,30,RFQQAADLIDAEQRMKKSMWGQFWSAHQRF,86.05233333333334
O00329,1044,26,781,810,30,GDDLRQDMLTLQMIQLMDVLWKQEGLDLRM,95.33333333333331
O00505,521,5,151,180,30,QAVVQSNAVPLFLRLLRSPHQNVCEQAVWA,97.39966666666666
A7E2V4,1837,23,691,720,30,LLPGDVCTQDDLPSTDESGNGLPKTKEAAP,30.47333333333333
A3KN83,1393,17,511,540,30,ERRGVGAMEIVAMDMKLRGMYIARQLSFTG,78.04733333333334
B3KU38,563,7,211,240,30,GGRSATTAMPPPVPNGNLHQHDPQDLRHNG,43.09133333333333
O00329,1044,8,241,270,30,LQVNGRHEYLYGSYPLCQFQYICSCLHSGL,89.93466666666669
A1L190,88,1,31,60,30,EMEKISVQATWMAYDMVVMRTNPTLAESMR,95.229
O14640,695,2,61,90,30,EEIFDDNAKLPCFNGRVVSWLVLAEGAHSD,81.53233333333331
A6NKB5,2137,11,331,360,30,CQVDTSCQGDLPLHQEVDSSDSEVAVTLID,25.491666666666674
O00159,1063,7,211,240,30,APVGGHILSYLLEKSRVVHQNHGERNFHIF,89.39566666666668
O14497,2285,12,361,390,30,PMSPGSSGGGGQPLARTPQPSSPMDQMGKM,31.40466666666666
O00337,649,11,331,360,30,ADMTLSEVHVVMTGGYATIAGSLLGAYISF,93.52966666666669
O00322,258,0,1,30,30,MASAAAAEAEKGSPVVVGLLVVGNIIILLS,76.41733333333333
A6NKB5,2137,20,601,630,30,AEQNEESGLLRDNCSQEKKEEILENEKPSG,26.251999999999995
A1L3X0,281,0,1,30,30,MAFSDLTSRTVHLYDNWIKDADPRVEDWLL,83.973
O14508,198,4,121,150,30,SVVHLIDYYVQMCKDKRTGPEAPRNGTVHL,70.27533333333334
A6NI61,221,0,1,30,30,MGTLVAKLLLPTLSSLAFLPTVSIAAKRRF,87.61866666666668
A2RUB6,948,24,721,750,30,KQLQKQREEKKVRRQMELLHLVEKNNPGHL,80.40933333333331
A7MCY6,615,13,391,420,30,CPSPVPQRRSPVPPSCQSPSPQRRSPVPPS,44.47566666666668
A8MW99,385,3,91,120,30,SSESTLTSMEDSGCDLSNEQRTESSDLSQH,30.719666666666672
O14503,412,3,91,120,30,LEKAVVLELTLKHVKALTNLIDQQQQKIIA,94.679
O14744,637,9,271,300,30,HHSEKEFCSYLQYLEYLSQNRPPPNAYELF,91.01666666666668
A6H8Y1,2624,20,601,630,30,EIDQTENVKPMLRGRFQRPKPNLSRAGKKS,30.91166666666667
A4GXA9,379,10,301,330,30,SRVSPAVADAVVTAFPSPRLLQQALEACST,94.94433333333332
O00337,649,7,211,240,30,LGLQFVLGLLVIRTEPGFIAFEWLGEQIRI,91.462
A4D1B5,854,12,361,390,30,QHPDLICHNLFLTGNNEMIDMLPHCPLQSL,75.63000000000001
O00337,649,19,571,600,30,RALFTGACVSLVNACMAGILYMPRGAEVDC,89.70366666666665
O00291,1037,10,301,330,30,ASALSEHISPVVVIPAEASSPDSEPVLEKD,54.79866666666667
O14628,629,0,1,30,30,MTLLTFRDVAIEFSLEEWKCLDLAQQNLYR,70.95133333333334
O14640,695,21,631,660,30,RSQASATAPGLPPPHPTTKAYTVVGGPPGG,43.78666666666667
A7MCY6,615,4,121,150,30,KEQEEQLGEMIQAYEKLCVEKSDLETELRE,97.631
O00268,1085,18,541,570,30,QRSPGVQPQLVLGGAAQTASLGTATAVQTG,29.25533333333333
A2A2Y4,597,15,451,480,30,ASLLPTPVDDDEIDMLFDCPSRLELEREDT,34.06633333333334
A6H8Y1,2624,51,1531,1560,30,PKEESQSAPVQKNDSVVSVGTNNVNTFQQE,30.866
A6NKB5,2137,35,1051,1080,30,QSSDPSVLMSFIQCRLFPKFLHQNLAESAA,59.73833333333334
A6NGG8,1288,14,421,450,30,KVQPRAQDEARSPCLSSTSPENITSPPLKL,34.270999999999994
A6NKB5,2137,67,2011,2040,30,ERAEALIRSSLGSSTSSTLSFLFGKRSFSS,28.76300000000001
O00300,401,8,241,270,30,KRQHSSQEQTFQLLKLWKHQNKDQDIVKKI,86.53733333333334
O00478,584,8,241,270,30,FFRSAQPWIAALAGTLPISLLLLAGASYFL,71.611
O14788,317,2,61,90,30,VCSVALFFYFRAQMDPNRISEDGTHCIYRI,75.789
B3KU38,563,9,271,300,30,RGPAAGGLCLQPPDGGTCVPEEPPVPPMDW,49.525666666666666
A0A1B0GTW7,788,3,91,120,30,ALAAVREATQRIQAVLAVQGPLLLSRDPAQ,78.66333333333334
O00291,1037,19,571,600,30,AELEKERDSLVSGAAHREEELSALRKELQD,66.434
O00409,490,11,331,360,30,PKEDHNYSSAKSSNARSTSPTSDSISSSSS,45.083000000000006
A6H8Y1,2624,78,2341,2370,30,GQDAMGLSISGRDNSKKPPDNLDLVSRKRF,33.46
A4GXA9,379,6,181,210,30,AVIGLDAYLWSRQHVSRGTQQPESPKVAGA,64.63166666666667
A0A1B0GTW7,788,5,151,180,30,GAKIPDTHLRGYALWPEQGPPQLVQPDGPG,91.92866666666666
A2RUB6,948,22,661,690,30,ELTQDKGASLEKENNRCNDQCNQFTRIEKQ,36.51466666666667
A6NKB5,2137,9,271,300,30,VSFQPWGSENSVLIPEPVSCPRGSIRERVQ,27.03033333333333
A2RUB6,948,28,841,870,30,SESSHFIPYVRTNEIYYLDPDAPLSGPSTQ,58.67733333333333
A0JNW5,1464,13,391,420,30,ELLHEFECNVEMLKQAVKDHNVGSPPKSPT,76.69399999999999
A6NKB5,2137,4,121,150,30,NNRQIHNGKKEEASRNLSTPPLRCSSRGQS,27.835333333333335
A3KN83,1393,1,31,60,30,AGLATPMPTPSVQQSVPLSALELGLETEAA,32.09033333333333
O00115,360,0,1,30,30,MIPLLLAALLCVPAGALTCYGDSGQPVDWF,70.12833333333333
O00291,1037,3,91,120,30,LCWKFCHVFHKLLRDGHPNVLKDSLRYRNE,95.60933333333334
A1A519,330,10,301,330,30,GQPTEEDLGLRRSWSQCPGCVFHSPKDRNS,46.507666666666665
O00329,1044,5,151,180,30,AARRQQLGWEAWLQYSFPLQLEPSAQTWGP,83.63666666666668
O14524,444,13,391,420,30,EGSSHLTPNEVSVHEQEYGLGSIIAQDEIY,82.34466666666665
O00624,439,13,391,420,30,DSGFIINTLDIAPRYASFLMGISRGFGLIA,85.825
O00116,658,12,361,390,30,HHFIMGSEGTLGVITEATIKIRPVPEYQKY,98.63233333333334
B1AK53,854,27,811,840,30,RQKQEELRREKEQSEKLRTLGYDESKLAPW,83.70500000000001
A6H8Y1,2624,56,1681,1710,30,KFQKAKPNLGRAHSKKEEPVLEKVTTDQSK,32.38533333333333
B3KU38,563,5,151,180,30,EDYEEPFPVYQKKVIDEWAPEEDGEEEEEE,41.03366666666667
O14657,336,6,181,210,30,KLHPGIIDAIKPFLDYYEQVDGVSYRKAIF,90.47666666666666
O14763,440,1,31,60,30,GPRVPKTLVLVVAAVLLLVSAESALITQQD,62.30966666666667
O00291,1037,24,721,750,30,LTEACKQYGRETLAYLASLEEEGSLENADS,81.80666666666666
O14638,875,20,601,630,30,TATVKVNLPFGRPRVLQKNVDHCLLYHREY,98.30666666666666
A6NKB5,2137,43,1291,1320,30,LTYVAPWQMAWGSSFHVFAQLFAIPHSAML,68.79799999999999
O14561,156,4,121,150,30,AMEDEFGFEIPDIDAEKLMCPQEIVDYIAD,95.61766666666666
O14763,440,4,121,150,30,SGEVELSPCTTTRNTVCQCEEGTFREEDSP,92.56533333333331
A7E2V4,1837,12,361,390,30,RDSNAAPLLEILTDQCLTYEQITGWWYSVR,91.62966666666668
A6H8Y1,2624,47,1411,1440,30,SDINLSKSLPQEQKPLEIKPAPFVRSRFKR,35.001666666666665
O14640,695,18,541,570,30,QYPGPPPCFPPAYQDPGFSYGSGSTGSQQS,39.32399999999999
A6BM72,1044,21,631,660,30,PCHHISGICECLPGFSGALCNQVCAGGYFG,83.39200000000002
O00507,2555,39,1171,1200,30,VAEACQPVVDGTDPITQINQVTHDQAVVLQ,72.44333333333334
O14497,2285,15,451,480,30,IPPYGQQGPSGYGQQGQTPYYNQQSPHPQQ,32.39966666666666
A4D1B5,854,27,811,840,30,YFIEILTDIESSNQALYPFEGHDNVDAEFV,66.76066666666667
A6H8Y1,2624,53,1591,1620,30,IVDKGEAKGIIKEGRTILPKDETEKKVLTV,33.669333333333334
O00291,1037,15,451,480,30,QRSLSEIERKAQANEQRYSKLKEKYSELVQ,80.835
A4GXA9,379,4,121,150,30,SPDPCPRSLPPEVWAAGEQELLLLLEPEEF,78.662
A3KN83,1393,40,1201,1230,30,PDDGFYLSLQIRNNKKTAILVKEVNPKKKL,86.54033333333335
O00507,2555,35,1051,1080,30,DRTAVEKLRAVCLDHAKLGEGKLSPPLDSL,79.34433333333332
O00329,1044,4,121,150,30,IGKGLHEFDSLCDPEVNDFRAKMCQFCEEA,91.58533333333334
O00507,2555,66,1981,2010,30,QIIMSPAIERSVRKQNVKFMHNRLQYSLEY,82.76666666666667
A6H8Y1,2624,35,1051,1080,30,LEEVKPLGEMETDLKATGRDSFPRGKTPEV,34.32833333333333
A6NKB5,2137,15,451,480,30,SERTPERLKTRVSTNQCSGYGSGEGGNAIK,26.646999999999995
A6NKB5,2137,56,1681,1710,30,DLLHKVVAPAIRMSLKLHQDQFTCPDEYED,85.296
O14757,476,13,391,420,30,QCLKETCEKLGYQWKKSCMNQVTISTTDRR,87.91066666666667
A6BM72,1044,13,391,420,30,NESCPVGYYGDGCQLPCTCQNGADCHSITG,78.347
O00507,2555,50,1501,1530,30,NAGFELLVALAIGCVRNLKQIVDCLTEMYY,92.48233333333336
O00622,381,6,181,210,30,KELGFDASEVELTRNNELIAVGKGSSLKRL,38.72366666666666
O14524,444,1,31,60,30,LLILSGCLVYGTAETDVNVVMLQESQVCEK,56.26099999999998
O00300,401,6,181,210,30,HDNICSGNSESTQKCGIDVTLCEEAFFRFA,77.61433333333335
O00748,559,14,421,450,30,LQVAHFQCSRAPVYFYEFQHQPSWLKNIRP,94.406
O14744,637,5,151,180,30,FWMRVPLVAPEDLRDDIIENAPTTHTEEYS,72.55999999999999
A2RUB6,948,27,811,840,30,NTLHLPLKNSSYERENLISGSNQTELSSGI,37.072666666666656
O00268,1085,24,721,750,30,VLSLTQPTQVGVGKQGQPTPLVIQQPPKPG,34.300333333333334
O00329,1044,18,541,570,30,HFPEALARLLLVTKWNKHEDVAQMLYLLCS,95.0
O00444,970,23,691,720,30,RFVQLVRSKSPKITYFTRYAKCILMENSPG,93.61666666666667
O00268,1085,5,151,180,30,EPAPAGPAKPAGPAALAARAGPGPGPGPGP,41.461000000000006
A0JNW5,1464,40,1201,1230,30,NGEIDIRGEDTEICLQVNQVTPDQLGNISL,90.82066666666664
A6H8Y1,2624,4,121,150,30,INQEAPQPTATSTKEKQPCSDRYRIYKAQK,49.42466666666666
A6NKB5,2137,41,1231,1260,30,MKLLRTSFCNPVYQFINLSFTVIFFHFDYK,89.71266666666666
A0A1B0GTW7,788,24,721,750,30,LLVTSDHNPSMTHLRLSMGLCLMLLILVGV,59.37
A2RUB6,948,11,331,360,30,KWIEELNKQIEDDRQRKIEEKIIYSKGEEH,87.08033333333331
O00591,440,4,121,150,30,YIVESKKSFLHEVTVGNRLIRLFSNGTVLY,92.17133333333337
A1L3X0,281,5,151,180,30,HTIMPWTWWFGVKFAAGGLGTFHALLNTAV,95.22033333333331
A6NI61,221,5,151,180,30,TQQIGPGLCFGALALMLRFFFEDWDYTYVH,94.81466666666668
B1AK53,854,9,271,300,30,WGGTPLHDAAENGELECCQILVVNGAELDV,95.39766666666668
O00268,1085,26,781,810,30,QQIQLNPLQPVPVVKPAVLPGTKALSAVSA,35.07333333333334
O00237,685,10,301,330,30,NHTGEFISLQAMDSFLRSLQPEVNDLFVLS,84.95199999999998
A0JP26,581,11,331,360,30,VSSQDLSGQTAREYAVSSHHHVICELLSDY,93.16100000000002
O14638,875,0,1,30,30,MESTLTLATEQPVKKNTLKKYKIACIVLLA,63.79333333333334
A3KN83,1393,31,931,960,30,GDKNIAIISEAASSGISLQADRRAKNQRRR,85.61266666666667
O00159,1063,21,631,660,30,AKQPGRFDEVLIRHQVKYLGLLENLRVRRA,86.61433333333333
O14497,2285,40,1201,1230,30,KRNSMTPNPGYQPSMNTSDMMGRMSYEPNK,31.91933333333333
O00322,258,5,151,180,30,DRVMIEQECCGTSGPMDWVNFTSAFRAATP,89.28299999999999
O00237,685,9,271,300,30,WDNKSYMTDIGIYNMPSYILRTPEGIYRYG,78.65833333333333
O14638,875,2,61,90,30,ASFRGLENCRCDVACKDRGDCCWDFEDTCV,93.52466666666668
A6QL63,1104,17,511,540,30,VAVAHAGHRRSFSMDSDDVRQAARLLLPGV,84.37933333333335
O14654,1257,31,931,960,30,SNTPAPSTQGLPDSWGIIAEPRQSAFSNYV,33.452000000000005
O14654,1257,9,271,300,30,EVASVVVQLLSIRRCGHSEQYFFLEVGRST,90.85833333333332
O00214,317,9,271,300,30,IYCDVREFKVAVNGVHSLEYKHRFKELSSI,95.23333333333332
O00462,879,28,841,870,30,DNGFLMTEKTRTILFYPWEPTSKNELEQSF,97.38966666666668
O00291,1037,14,421,450,30,HLRQQAADDCEFLRAELDELRRQREDTEKA,86.83933333333333
A6NGG8,1288,16,481,510,30,LSDSEDSSPEEEEEDKMSSMSLCAWQEKTP,35.001333333333335
A3KN83,1393,32,961,990,30,VHMTLELPWSADRAIQQFGRTHRSNQVTAP,79.91933333333334
A6NGG8,1288,18,541,570,30,ILKMKESISERIKFVPVPCGHQDWSEEEEG,62.80433333333335
O00444,970,10,301,330,30,SISGSLFDKRRLLIGQPLPNKMTVFPKNKS,30.882333333333342
A6BM72,1044,7,211,240,30,TGVYCEELCPPGSHGAHCELRCPCQNGGTC,83.26899999999999
O00748,559,1,31,60,30,SPIRTTHTGQVLGSLVHVKGANAGVQTFLG,93.42966666666668
O00291,1037,22,661,690,30,VTSISSCIEQLEKSWSQYLACPEDISGLLH,89.32266666666666
A6QL63,1104,9,271,300,30,GPGPSSGPGAAPAADKEREAPGGGAASGGA,31.649999999999995
A0A1B0GTW7,788,2,61,90,30,PLRIQSCYLGDHISDGAWDPEGEGMRGGSR,59.63233333333333
A0A1B0GTW7,788,6,181,210,30,VQNTDFLLYVRVAHTSKCHQETVSLCCPGW,67.30433333333333
O14744,637,6,181,210,30,GEEKTWMWWHNFRTLCDYSKRIAVALEIGA,94.904
A4D1B5,854,24,721,750,30,SGVLLLTETAVIRLMKDLDNTEKNEKLKFS,83.93833333333335
O14497,2285,60,1801,1830,30,SEEKLISKFDKLPVKIVQKNDPFVVDCSDK,70.82866666666669
O00237,685,11,331,360,30,LVLVNLMAWMDLFITQGATIKRFVVLISTL,84.98800000000001
A7E2V4,1837,16,481,510,30,ACYFNWEEAYPLPGVTYSGTDRKLALCWAR,66.58266666666665
A6BM72,1044,9,271,300,30,CSQDCPCHHGGQCDHVTGQCHCTAGYMGDR,83.28166666666667
O14763,440,7,211,240,30,LSGIIIGVTVAAVVLIVAVFVCKSLLWKKV,84.15100000000002
A2RUB6,948,15,451,480,30,PAQIEERDRRRQKQLEHQKAITAQVEEKRR,90.00766666666665
A0JP26,581,3,91,120,30,MKTLRSKMGKWCCHCFPCCRGSGKSNVGTW,34.943
O00168,92,0,1,30,30,MASLGHILVFCVGLLTMAKAESPKEHDPFT,73.298
A0JNW5,1464,1,31,60,30,KGEGELKNLELDEEVLQNMLDLPTWLAINK,84.99400000000001
O14618,274,8,241,270,30,KQICSCDGLTIWEERGRPIAGKGRKESAQP,56.44233333333334
A6NGG8,1288,36,1081,1110,30,SPPFSIPSPSPPMSPSQEHKETRDSEDSQA,32.95366666666667
O14638,875,28,841,870,30,DVELLTGLDFYQDKVQPVSEILQLKTYLPT,98.067
A0JNW5,1464,29,871,900,30,LLLHPVDQANTLKSPVSESVSPVVPDYLPT,45.52233333333335
A6QL63,1104,25,751,780,30,LAQPEKEKSDILSLEEILAEGTDLAETAPP,47.37433333333334
A4D1B5,854,15,451,480,30,ISENVSACHSFDLIQEFIIASSYWSVYSET,84.64766666666665
A7MCY6,615,8,241,270,30,RGAQLREEQLQAECERLQGELKQLQETRAQ,95.45033333333336
A7E2V4,1837,42,1261,1290,30,FTHPSSSGGHQGPHRNLHLCAFEIGLYALG,69.29333333333332
O00624,439,7,211,240,30,FIFYIFGSTGCVCCLLWFTVIYDDPMHHPC,88.179
O00462,879,18,541,570,30,WNWKVFPKARFASEYGYQSWPSFSTLEKVS,98.628
A6QL63,1104,11,331,360,30,NHHHHHHHALHEAPKFTVETLEHTVNNDSE,62.97900000000001
A0A1B0GTW7,788,7,211,240,30,STAAQSQLTAALTSWAQRRGFVMLPRLCLK,38.21566666666666
A3KN83,1393,15,451,480,30,KPTKTGLAVLELQNKLPKARVVYASATGAS,85.58633333333334
B1AK53,854,1,31,60,30,LRDPLDALPVHHAARAGKLHCLRFLVEEAA,96.28133333333334
A0A1B0GTW7,788,25,751,780,30,MGTTAYQKRATLPVRPSASYHSPELHSTRV,41.95266666666667
A5D8V7,595,9,271,300,30,EALNARDIAKNQLQYLEETLVRERKKRERY,96.64833333333334
A6NKB5,2137,34,1021,1050,30,VKEPWSMQHIPALFSAFCGLLVALSYHLSR,88.571
A0JNW5,1464,21,631,660,30,KDCDFFSKTYTSFPKSCDNFNLLHPIFQRH,88.50666666666667
O14497,2285,5,151,180,30,GQPYGRSPSAVAAAAAAVFHQQHGGQQSPG,27.61833333333333
A1A4S6,786,6,181,210,30,YVCKLQEIQERKKFEFVEPMLSFFQGMFTF,93.47866666666664
A5PLL7,270,3,91,120,30,SGLVHWGADTWGSVELPIVGKAFIRPFREH,89.936
A2RUC4,315,7,211,240,30,FSKARRYECSLEAGDVLFIPALWFHNVISE,97.69133333333332
A2RUB6,948,13,391,420,30,YFCVSPDTQELADVSSVCTPTTGSQVEPSE,39.438
O00337,649,12,361,390,30,GIDATSLIAASVMAAPCALALSKLVYPEVE,95.819
O00291,1037,8,241,270,30,KLLFKLHSCLPADTLQGHRDRFMEQFTKLK,93.50233333333334
A8MW99,385,10,301,330,30,EQASYDVSRYENIFYLFWVLEQLLQKETEE,84.78733333333334
O00268,1085,29,871,900,30,TFLLQAPLQRRILEIGKKHGITELHPDVVS,93.43533333333336
O14497,2285,36,1081,1110,30,NVGTSSSAASSLKKQYIQCLYAFECKIERG,83.64533333333333
A6NGG8,1288,34,1021,1050,30,PSPSAVQTPPSPPVSPRVLSPPTTKRRTSP,38.24333333333333
A2RUC4,315,1,31,60,30,VLEGIDLGPCTSKWTVDYLSQVGGKKEVKI,96.93299999999998
A6QL63,1104,31,931,960,30,GRPFYAHKVLLFTASPRFKALLSSKPTNDG,79.48100000000001
O00507,2555,70,2101,2130,30,FSEYLLECPSAEVRGAFAKLIVFIAHFSLQ,90.64499999999998
A6NI61,221,2,61,90,30,MRHDILEYFSVYGTALSMWVSLMALADFDE,95.35566666666664
O00507,2555,71,2131,2160,30,DGSCPSPFASPGPSSQACDNLSLSDHLLRA,67.56233333333333
A6NKB5,2137,65,1951,1980,30,PMLSSSGPILESRQTFLQTSTSVHELAQRL,27.069
O00329,1044,22,661,690,30,ALRFGLILEAYCRGSTHHMKVLMKQGEALS,95.02066666666664
O00422,153,3,91,120,30,IVFTDVKRPGYRVKEIGSTMSGRKGTDDSM,93.53733333333334
A0JNW5,1464,34,1021,1050,30,SFDSDGNQNILSSTLTSKGNETIESIFKAE,28.923
O00337,649,20,601,630,30,MSLLNTTLSSSSFEIYQCCREAFQSVNPEF,80.56666666666668
A0JP26,581,18,541,570,30,DETKHQNQLRENKILEEIESVKEKLLKAIQ,93.27533333333332
A7E2V4,1837,17,511,540,30,ALPSRPGASRSGGLEESRDRPRPLPTEPAV,30.31233333333333
A3KN83,1393,39,1171,1200,30,TSGHVELYTISVERGMSWEEATKIWAELTG,83.19333333333331
O00268,1085,20,601,630,30,STLIKLASSGKQSTETAANVKELVQNLLDG,89.79633333333335
A6BM72,1044,4,121,150,30,EPGWGGPDCSSGCDSDHWGPHCSNRCQCQN,87.47000000000003
O14654,1257,11,331,360,30,LCADEYRARCRSYSISIGAHLLTLLSARRH,57.30233333333332
O14519,115,0,1,30,30,MSYKPNLAAHMPAAALNAAGSVHSPSTSMA,56.44766666666667
B3KU38,563,10,301,330,30,EALEKHLAGLQFREQEVRNQGQARTNSTSA,66.15700000000001
O00478,584,4,121,150,30,SGKYLCYFQDGDFYEKALVELKVAALGSDL,95.39333333333332
A1A4S6,786,10,301,330,30,NMIPFEHRSGGKLGDGEVFFLKECTKRHTD,79.14566666666668
A0JNW5,1464,16,481,510,30,KSMICCNKKSLYLPQEMSAVYIEFTEYYYP,89.95766666666668
A1A4S6,786,25,751,780,30,IGAIFEDVQTSREPGWLEGTLNGKRGLIPQ,92.00233333333334
A2RUB6,948,4,121,150,30,TRNTVNTSLVGKQKPHKKHITAENMKSSLV,44.23199999999999
A0JNW5,1464,26,781,810,30,TNGGQKPSSSDTFFRFSPSSSEADIHLLVH,50.43033333333333
A6NKB5,2137,7,211,240,30,SVIPVKPVATETLINGKGKERGGKGQPPLR,28.958333333333343
A0JNW5,1464,42,1261,1290,30,SGPGAVIHSLLAEKNGFLQCHIENFSTEFL,90.89666666666665
O14640,695,6,181,210,30,ALSSELESSSFVDSDEDGSTSRLSSSTEQS,41.581333333333326
O14503,412,2,61,90,30,EKKRRDRINECIAQLKDLLPEHLKLTTLGH,90.935
A2A2Y4,597,5,151,180,30,LGACIVQAELGDYDPDEHPENYISEFEIFP,92.09133333333332
A1L190,88,0,1,30,30,MDDADPEERNYDNMLKMLSDLNKDLEKLLE,90.27166666666666
O00115,360,1,31,60,30,VVYKLPALRGSGEAAQRGLQYKYLDESSGG,90.23166666666668
A9UHW6,222,1,31,60,30,AVDLEKVANVIVDHSLQDCVFSKEAGRMCY,95.26033333333334
A1A519,330,6,181,210,30,LLSDSEPSGEEKEHEERTESDSLPGSPTVE,47.40233333333333
A0JP26,581,6,181,210,30,SANGNSEVVQLLLDRRCQLNVLDNKKRTAL,93.72566666666668
O00591,440,8,241,270,30,NVLYFILETYVPSTFLVVLSWVSFWISLDS,91.15933333333334
A6NKB5,2137,3,91,120,30,IQQKPSRKEEKPNKDKEAKGEHITNHRNPS,34.382666666666665
O14756,317,2,61,90,30,LTEKGAEQLRGQTSDRLETVTLDVTKMESI,98.23066666666664
O00168,92,1,31,60,30,YDYQSLQIGGLVIAGILFILGILIVLSRRC,84.80566666666667
A1X283,911,17,511,540,30,ISDPDMEEKPSLPPRKESIIKSEGELLERE,42.29633333333333
A3KN83,1393,7,211,240,30,RSFSPTMKVPVVKEDDEPEEEDEEEMGHAE,33.17433333333334
A6H8Y1,2624,57,1711,1740,30,EGKPEDHLLQKGASNTQLLLKEKAELLTSL,31.37700000000001
O00291,1037,18,541,570,30,ELATSQRELQVLQGSLETSAQSEANWAAEF,54.56266666666666
B6A8C7,271,3,91,120,30,NAGEYTCEYYRKASPHILSQHSDVLLLLVT,94.03566666666669
O00329,1044,24,721,750,30,QEAYLEALSHLQSPLDPSTLLAEVCVEQCT,93.47033333333334
A0PK11,232,4,121,150,30,LNMIQVPYRAVSGPGGICLWNVLAGGVVAL,90.63333333333335
O14763,440,8,241,270,30,LPYLKGICSGGGGDPERVDRSSQRPGAEDN,45.70433333333334
A7MD48,611,7,211,240,30,PEEGQKSRRRHSRRCSKTLCKDSPEAQSSR,45.234000000000016
O14497,2285,26,781,810,30,IHTGMGSYQQNSMGSYGPQGGQYGPQGGYP,32.294000000000004
A1A4S6,786,2,61,90,30,AHSLRDFKFEFIGDAVTDDERCIDASLREF,92.127
A6H8Y1,2624,45,1351,1380,30,DIQNISSEVLSMMHTPVEEKRNSEKEVSSH,30.475666666666665
A0JP26,581,0,1,30,30,MVAEVCSMPAASAVKKPFDLRSKMGKWCHH,34.419666666666664
O14628,629,10,301,330,30,KCQECNNVIKTCSVLTKNRIYAGGEHYRCE,27.851666666666667
O14497,2285,7,211,240,30,QYNSYYPNRSAYPPPAPAYALSSPRGGTPG,30.85966666666667
O00116,658,8,241,270,30,VSYGLMCPADETRTIISLDTSQMNRILWVD,98.73433333333334
O14497,2285,73,2191,2220,30,SIGNLLGFLEDSLAATQFQQSQASLLHMQN,76.28566666666667
O14497,2285,35,1051,1080,30,LYRLYVSVKEIGGLTQVNKNKKWRELATNL,89.10633333333334
O14524,444,3,91,120,30,RLVRVTQVENEEKLKELEQFSIWNFFSSFL,57.52966666666666
A7XYQ1,873,12,361,390,30,IPPVSVQPPASIGPPLGVPPRSPPMVMTNR,55.955000000000005
O00214,317,4,121,150,30,KHTLLYGHRIGPEKIDTLGIYGKVNIHSIG,96.652
A6BM72,1044,33,991,1020,30,VEPTVSVVQEGCGHNSSYIQNAYDLPRNSH,33.56633333333333
A2RUC4,315,4,121,150,30,IRKQFPLLKGDIKFPEFFKEEQFFSSVFRI,95.948
O00507,2555,69,2071,2100,30,WYDALCVLLRHSKNVRFWFTHNVLFNVSNR,88.65866666666668
A3KN83,1393,26,781,810,30,KDHKKNKEKKKKKSIDPDSIQSALLASGLG,32.688333333333325
O00329,1044,1,31,60,30,YLNFPVSRNANLSTIKQLLWHRAQYEPLFH,93.22799999999998
A1A4S6,786,17,511,540,30,DILVKHLTNVSNHSKQNLMTVANLGVVFGP,96.62633333333332
O00746,187,2,61,90,30,FERRGFTLVGMKMLQAPESVLAEHYQDLRR,96.95
A7E2V4,1837,24,721,750,30,AVGEEDDDYQAYYLNAQDGAGGEEEKAEGG,28.78533333333333
A3KN83,1393,8,241,270,30,TYAEYMPIKLKIGLRHPDAVVETSSLSSVT,81.22399999999999
O00507,2555,16,481,510,30,SKKQREKLLELIRRLAEDDKDGVMAHKVLN,75.215
O14804,337,5,151,180,30,ALRYILAGWGVPAAYTSLFLYTDVVETRLS,78.28233333333336
A0PK11,232,1,31,60,30,PHWLSGKILCQTGVDLVNATDRELVKFIGD,94.217
A0JNW5,1464,7,211,240,30,TNQSKIRVTLKRRLKDCNVIATKLVLILDD,90.552
O00507,2555,27,811,840,30,VIHEDFIQSCFDRLKASYDTLCVFDGDKNS,86.06300000000002
O14628,629,1,31,60,30,DVMLENYRNLFSVGLTVCKPGLITCLEQRK,73.29733333333336
A6H8Y1,2624,59,1771,1800,30,RVGEETVGDNSPSSVVEEQYLNKLTSCPQP,31.581000000000003
A7MCY6,615,6,181,210,30,SNLSPPPAPAPPCTDLDLHYLALRGGSGLS,48.406
O00444,970,2,61,90,30,VKIHCQLKHPSILELYNYFEDSNYVYLVLE,93.90166666666666
O14618,274,7,211,240,30,GHPLSKITGNSGERLACGIIARSAGLFQNP,92.83066666666666
A0A1B0GTW7,788,0,1,30,30,MLLLLLLLLLLPPLVLRVAASRCLHDETQK,61.19233333333332
O00478,584,2,61,90,30,ETMELRWVSSSLRQVVNVYADGKEVEDRQS,93.47133333333336
O00300,401,2,61,90,30,VCAPCPDHYYTDSWHTSDECLYCSPVCKEL,96.83933333333331
O00300,401,9,271,300,30,IQDIDLCENSVQRHIGHANLTFEQLRSLME,88.06400000000001
A0JP26,581,8,241,270,30,TALHYAIYNEDKLMAKALLLYGADIESKNK,96.31833333333331
O00462,879,22,661,690,30,DIWQAPSWASLEYGGKWKMLHYFAQNFFAP,98.67266666666669
A7E2V4,1837,27,811,840,30,PPPAKGKKNKVSTSRQTWVATNTLSKAAFL,74.52166666666668
O00507,2555,40,1201,1230,30,SALQSIPNPSSECVLRNESILLAQEISNEA,82.94366666666666
O00268,1085,17,511,540,30,TPIIARQVTPTTIIKQVSQAQTTVQPSATL,32.33166666666667
A7XYQ1,873,20,601,630,30,CSGQALSLAPTPAEHGRSEVVDLTRRAGSP,37.12733333333333
O00507,2555,77,2311,2340,30,NPQFSSTVLSELLWQVAYSYTYELRPYLDL,88.54466666666664
O00400,549,15,451,480,30,LLNTVSNLGGNWPSTVALWLVDPLTVKECV,94.191
O14524,444,10,301,330,30,IALAIIIIALCTKNLEHPIQWLYITCRKVC,87.13133333333333
O00507,2555,51,1531,1560,30,MGTAITTCEALTEWEYLPPVGPRPPKGFVG,67.55733333333335
A6H8Y1,2624,15,451,480,30,EQVALEVDLNQKKRRRKKQDGANELGVNNL,32.520999999999994
O14503,412,10,301,330,30,FTSSDLISSPFLGPHPHQPPFCLPFYLIPP,48.671
O00409,490,13,391,420,30,SDTEEDDRKHSQKEPKDSLGDSGYASQHKK,45.06966666666666
O00453,97,0,1,30,30,MLSRNDDICIYGGLGLGGLLLLAVVLLSAC,88.27933333333333
A1A4S6,786,4,121,150,30,KEQLGAVKEEKKKFDKETEKNYSLIDKHLN,94.76266666666668
A7E2V4,1837,39,1171,1200,30,TSWGRGQDSDSISSSSSDSLGSSSSSGSRR,28.63833333333333
O00422,153,4,121,150,30,TLQSQKFQIGDYLDIAITPPNRAPPPSGRM,83.92599999999999
B1AK53,854,24,721,750,30,VPVPPTTPAPGVQLDVEALIPTHDEQGRPI,58.88633333333334
A0JNW5,1464,36,1081,1110,30,SLSGKPKERCPPNLAPLCVSYKNMKRSSSQ,27.53366666666667
B3KU38,563,15,451,480,30,AKPMAKMQVEVEKQNRKKSPVADLLPHMPH,78.13466666666665
O14654,1257,27,811,840,30,LPNPFRSSPLGQNDNSEYVPMLPGKFLGRG,38.30933333333335
A2RUB6,948,23,691,720,30,TKHMKKYPKRPDWNINKPPKRYIPASEKYP,60.02299999999999
A1L3X0,281,6,181,210,30,HVVMYSYYGLSALGPAYQKYLWWKKYLTSL,91.67566666666669
O00291,1037,23,691,720,30,SITLLAHLTSDAIAHGATTCLRAPPEPADS,89.22433333333332
A6BM72,1044,18,541,570,30,ADGCDPVTGHCCCLAGWTGIRCDSTCPPGR,85.40266666666668
O00505,521,15,451,480,30,EIIEECGGLEKIEVLQQHENEDIYKLAFEI,96.39700000000002
O14804,337,4,121,150,30,SIFHLCFISIDRHCAICDPLLYPSKFTVRV,93.25633333333332
O14657,336,7,211,240,30,IFLSNAGGDLITKTALDFWRAGRKREDIQL,93.90366666666668
O00712,420,11,331,360,30,DSSPRLSTFPQHHHPGIPGVAHSVISTRTP,41.97066666666667
O00444,970,3,91,120,30,MCHNGEMNRYLKNRVKPFSENEARHFMHQI,95.26433333333333
A0A1B0GTW7,788,9,271,300,30,LDSEDRPLAGTIVYCAQHLTSPSLSHSDIV,88.02733333333335
A6H8Y1,2624,60,1801,1830,30,LNETSYSKIALDGKTTISSTSEYERNRGER,31.135666666666665
A7E2V4,1837,59,1771,1800,30,YIHHRLIHLTPADYDDFVNAIRSARSAFCL,82.32700000000001
A3KN83,1393,14,421,450,30,LLHWCGDDFDGVIVFDECHKAKNLCPVGSS,81.633
C9JRZ8,316,1,31,60,30,AVKVAIDAEYRHIDCAYFYENQHEVGEAIQ,98.565
A6H8Y1,2624,0,1,30,30,MFRRARLSVKPNVRPGVGARGSTASNPQRG,40.996
O00115,360,10,301,330,30,SPKGPWTCVGDMNRNQGEEQRGGGTLCAQL,96.04066666666668
O00116,658,14,421,450,30,MDNKQFQFGHALKPQVSSIFTSFLDGLKKF,70.64766666666668
O14497,2285,66,1981,2010,30,CVCVSNTIRSLSFVPGNDFEMSKHPGLLLI,97.425
O00330,501,9,271,300,30,AVGTFTEIPASNIRRVIAKRLTESKSTVPH,86.04666666666665
A6H8Y1,2624,71,2131,2160,30,AEMETQRETEKNASKATELENKNLGPVTTA,32.962
O00400,549,5,151,180,30,LGLFMIYLSTQVDRLLGNTDDRTPDVIALT,91.37533333333334
O00159,1063,27,811,840,30,HVRTSFLLNLRRQLPQNVLDTSWPTPPPAL,80.93733333333333
A6NGG8,1288,12,361,390,30,SVDKLGKQTSWDLAPEPEEWKSVTSPHTEA,36.60766666666665
A7MD48,611,9,271,300,30,TASPLTTSRGRSQEYDSGNDTSSPPSTQTS,51.03166666666667
O14640,695,13,391,420,30,SSSLTSSVPGAPQLEEAPLTVKSDMSAVVR,59.03966666666666
B7U540,433,4,121,150,30,TPCVMQVHGFMAAFLFSIETQTTIGYGLRC,94.64133333333332
A7MD48,611,1,31,60,30,IIVASITARKPLPRTEPQNNPVVPAQDGPS,57.08366666666666
A6NKB5,2137,1,31,60,30,TNSCHLYLWLFLLLLPLALHLAFPPNAIIV,85.97533333333334
A7E2V4,1837,48,1441,1470,30,CSASGIRAGGEAGRGMPEGRGGPGTEPVTV,30.595
O00506,426,10,301,330,30,SEDSDIDGEAEDGEQGPIWTFPPTIRPSPH,30.43466666666667
O14744,637,18,541,570,30,PVEVNTVLHGFAGYFETVLYQDITLSIRPE,96.829
O00329,1044,25,751,780,30,FMDSKMKPLWIMYSNEEAGSGGSVGIIFKN,85.479
O00268,1085,2,61,90,30,HVVSGSPAGAAGAGPAAPAEGAPGAAPEPP,39.59499999999999
A6BM72,1044,17,511,540,30,TPGWLGDTCELPCPDGTFGLNCSEHCDCSH,86.01866666666666
A7E2V4,1837,18,541,570,30,RPKEPGTKRKGLGEGVPSSQRGPRRLSAEG,32.77166666666667
O00560,298,3,91,120,30,YMVAPVTGNDVGIRRAEIKQGIREVILCKD,87.94000000000001
A6BM72,1044,2,61,90,30,FKCTRHRISYKTAYRRGLRTMYRRRSQCCP,82.9893333333333
O00161,211,1,31,60,30,AIESQDAGIKTITMLDEQKEQLNRIEEGLD,96.66266666666668
A8MW99,385,0,1,30,30,MDVQKWYLRTSKLALALAIIRSKPADKSSR,87.98466666666667
A7MD48,611,5,151,180,30,KRRHSSSSPKSKRRDEKRHKKQSRSRPRKS,48.828
O00268,1085,6,181,210,30,GPGPGPGKPAGPGAAQTLNGSAALLNSHHA,36.16766666666668
O00161,211,4,121,150,30,PVTNGQLQQPTTGAASGGYIKRITNDARED,62.661
O00560,298,2,61,90,30,LNEEEIRANVAVVSGAPLQGQLVARPSSIN,46.481
O00507,2555,49,1471,1500,30,PASKVYLQYLRSGELPAEQAIPVCSSPVTI,83.72233333333332
O00560,298,1,31,60,30,ILSEASAPIPHDGNLYPRLYPELSQYMGLS,47.143
O00507,2555,53,1591,1620,30,EGTGSDLHDDMFGDEKQDSESNVDPRDDVF,39.34166666666666
O14497,2285,56,1681,1710,30,LAESTWALDTINILLYDDNSIMTFNLSQLP,95.29233333333332
O14503,412,1,31,60,30,AHMYQVYKSRRGIKRSEDSKETYKLPHRLI,63.48100000000001
C9JRZ8,316,4,121,150,30,DFFPKDDKGNMISGKGTFLDAWEAMEELVD,97.06733333333334
A0JP26,581,5,151,180,30,KVPRKDLIVMLRDTDMNKRDKQKRTALHLA,86.44333333333331
O00337,649,2,61,90,30,RWRNLQPALRARSFCREHMQLFRWIGTGLL,69.779
B1AK53,854,12,361,390,30,VSVQPLNFDLSSPTSTLSNYDSCSSSHSSI,32.17999999999999
O00409,490,1,31,60,30,FSKALQEDDDLDFSLPDIRLEEGAMEDEEL,44.79566666666667
A7E2V4,1837,22,661,690,30,PEPPDTYEEDGGVYFSEGPEPPTASVGPPG,34.39133333333333
O00591,440,0,1,30,30,MNYSLHLAFVCLSLFTERMCIQGSQFNVEV,40.31866666666667
A0JNW5,1464,31,931,960,30,NRSMSVDLSHIPLKDPLLFKSASDTNLQKG,29.513666666666676
A1A519,330,7,211,240,30,DTPRAKTPDWLVTMENGFRCMACCRVFTTM,76.24133333333333
O00329,1044,20,601,630,30,RKLTDDELFQYLLQLVQVLKYESYLDCELT,95.71466666666667
O00159,1063,2,61,90,30,AAFIENLRRRFRENLIYTYIGPVLVSVNPY,92.25633333333332
O14497,2285,47,1411,1440,30,QPASQQQAAQPSPQQDVYNQYGNAYPATAT,30.373
B1AK53,854,21,631,660,30,RRSSSSTGSTKSFNMMSPTGDNSELLAEIK,39.18066666666666
A6NGG8,1288,15,451,480,30,GTSTPCDSFGIGVSVEPHLSKTSRPMDASS,34.250666666666675
O14618,274,2,61,90,30,EVQALLEGTGRQAVLKGMGSGQLQNLGAAV,87.79700000000001
A5PLL7,270,1,31,60,30,ARELAALYSPGKRLQEWCSVILCFSLIAHN,94.52766666666666
A6BM72,1044,31,931,960,30,SSSTCSLNSSENPYATIKDPPILTCKLPES,36.05333333333333
O00254,374,7,211,240,30,LVTCGLVWATVFLYMLPFFILKQEYYLVQP,90.72433333333332
D3W0D1,207,3,91,120,30,WFSTSFKTWKESQRDCTQLQAHLLVIQNLD,97.72033333333334
B1AK53,854,26,781,810,30,ARLASMPAWRRDLLRKKLEEEREQKRKEEE,83.37600000000002
O14654,1257,30,901,930,30,IKPKPQKPTHEQREADSSSDYVNMDFTKRE,32.76566666666667
A6H8Y1,2624,86,2581,2610,30,QVSCDQPLLKEGYKSAQKRAPQGEATTVSE,35.7
O00746,187,4,121,150,30,RAMIGHTDSAEAAPGTIRGDFSVHISRNVI,97.56999999999998
O00487,310,3,91,120,30,FQAKMLDMLKQTGRPEMVVGWYHSHPGFGC,90.51866666666666
A7E2V4,1837,3,91,120,30,EVVEKVYPPVPEQLQLRIAFWSFPENEEDI,88.62799999999999
A1X283,911,24,721,750,30,PKEISCRAPPRPAKTTDPVSKSVPVPLQEA,36.84000000000001
O00329,1044,29,871,900,30,AIEEFTLSCAGYCVATYVLGIGDRHSDNIM,92.023
A0JNW5,1464,12,361,390,30,DYYPYHKAGDSCNHWMYFSDATKTKNGWAN,91.84566666666666
A7MCY6,615,3,91,120,30,YEIKDGSLLEVEKVSLQQRLNQFQHELQKN,85.90466666666667
A0JP26,581,16,481,510,30,SEEQNTGISQDEILTNKQKQIEVAEKEMNS,71.59266666666666
O14744,637,19,571,600,30,THSPGMFSWFPILFPIKQPITVREGQTICV,94.695
O00400,549,14,421,450,30,HQVTVYSMYVSIMAFNAKVSDPLIGGTYMT,82.89866666666667
B7U540,433,11,331,360,30,LFEEKNQYKIDYSHFHKTYEVPSTPRCSAK,94.53166666666668
O00462,879,8,241,270,30,VVSSKPVGGQVIVAIPKLQTQQTYSIELQP,95.61833333333333
O00291,1037,28,841,870,30,SKDLQREIVESGRGTASPKEFYAKNSRWTE,86.48966666666665
O00330,501,1,31,60,30,GALGWSVSRGANWRWFHSTQWLRGDPIKIL,48.00333333333335
O00462,879,19,571,600,30,STEDWSFNSKFSLHRQHHEGGNKQMLYQAG,98.423
O14757,476,8,241,270,30,LLHKILVENPSARITIPDIKKDRWYNKPLK,94.697
A6NGG8,1288,10,301,330,30,HSTATHLENKLSTKRNVDERLLRALRQLES,78.26566666666669
A5D8V7,595,11,331,360,30,SDDTIQDSLHAKEEELRQRWSMYQMEVIFG,61.56133333333334
O00337,649,18,541,570,30,FANFSSIGIMLGGLTSMVPQRKSDFSQIVL,94.17133333333332
A0JNW5,1464,2,61,90,30,VFCNKASIRIPWTKLKTHPICLSLDKVIME,91.087
O00409,490,8,241,270,30,KRNGALLQDPDIDAASAMMLLNTPPEIQAG,51.93233333333333
O00444,970,17,511,540,30,QKDTSKNAWTDTKVKKNSDASDNAHSVKQQ,31.466666666666665
O14638,875,16,481,510,30,GNHGYNNEFRSMEAIFLAHGPSFKEKTEVE,98.45300000000005
O00159,1063,14,421,450,30,DIYGFEVFQHNSFEQFCINYCNEKLQQLFI,85.80533333333332
A1X283,911,21,631,660,30,PQNPFLKSRPQVRPKPAPSPKTEPPQGEDQ,38.94733333333334
O00505,521,0,1,30,30,MAENPSLENHRIKSFKNKGRDVETMRRHRN,52.09833333333333
O00400,549,6,181,210,30,VAFFLFEFLAATQDIAVDGWALTMLSRENV,87.59033333333333
O00116,658,2,61,90,30,RRAASAATAAPTATPAAQESGTIPKKRQEV,57.01733333333333
A6NGG8,1288,2,61,90,30,QPSPRRNQTTAKGLCQLMGDPASGKRKDME,35.949333333333335
O00159,1063,22,661,690,30,GFAYRRKYEAFLQRYKSLCPETWPTWAGRP,88.36433333333333
O00291,1037,32,961,990,30,EETDNMDFSSMTLTQIKRQEMDSQVRVLEL,77.87433333333334
O00268,1085,3,91,120,30,PAGRARPGGGGPQRPGPPSPRRPLVPAGPA,45.16
A6NKB5,2137,49,1471,1500,30,GCCCCKPGHLPHLLSCNAAFHLRWLTWEIT,72.6956666666667
A7XYQ1,873,0,1,30,30,MAEMEKEGRPPENKRSRKPAHPVKREINEE,58.16233333333333
A7E2V4,1837,8,241,270,30,SELPQQILPTAQRLLDELLSSQSTAINTVC,85.20033333333335
A2RUC4,315,3,91,120,30,EEKHKEFFVSEDEKYYLRSLGEDPRKDVAD,95.84633333333336
A7MD48,611,2,61,90,30,EKLGQHLATEPLGTNSWERDKTCRELGATR,45.00666666666667
O14788,317,9,271,300,30,HFYSINVGGFFKLRSGEEISIEVSNPSLLD,97.888
O00762,179,3,91,120,30,YNAPTVKFLTPCYHPNVDTQGNICLDILKE,97.586
O00330,501,2,61,90,30,MPSLSPTMEEGNIVKWLKKEGEAVSAGDAL,86.64900000000003
O00507,2555,33,991,1020,30,HRNHYNDGPNLEVESCLPGVIMSVHPRYIS,74.61999999999999
O00506,426,2,61,90,30,EDIQQEITVLSQCDSPYITRYFGSYLKSTK,90.94533333333332
O00748,559,17,511,540,30,FDQEEQYLQLNLQPAVGRALKAHRLQFWKK,97.08033333333331
O00159,1063,3,91,120,30,RDLQIYSRQHMERYRGVSFYEVPPHLFAVA,85.50299999999999
O00409,490,0,1,30,30,MGPVMPPSKKPESSGISVSSGLSQCYGGSG,52.03600000000001
O00291,1037,0,1,30,30,MDRMASSMKQVPNPLPKVLSRRGVGAGLEA,39.414333333333325
A1A4S6,786,8,241,270,30,GTRSEVEELMNKIRQNPKDHKRASQFTAEG,83.08133333333335
O00591,440,9,271,300,30,VPARTCIGVTTVLSMTTLMIGSRTSLPNTN,86.88066666666668
A6NKB5,2137,30,901,930,30,QIITYSRPIYFCVLCGLILLLDTGAKARHP,83.74366666666667
O00330,501,13,391,420,30,DSVKALSKKARDGKLLPEEYQGGSFSISNL,92.985
O00337,649,4,121,150,30,TFLGHRLLKRLLGPKLRRFLKPQGHPRLLL,63.92333333333334
C9JRZ8,316,9,271,300,30,VENIQVFDFKLSDEEMATILSFNRNWRAFD,98.022
O00159,1063,16,481,510,30,DLVEEKFKGIISILDEECLRPGEATDLTFL,86.90666666666668
O00268,1085,19,571,600,30,TPQRTVPGATTTSSAATETMENVKKCKNFL,60.98266666666667
O00462,879,9,271,300,30,GKRIVELFVNISKNITVETWWPHGHGNQTG,96.22866666666664
O00462,879,27,811,840,30,QGDIFVFDLETSAVAPFVWLDVGSIPGRFS,97.373
O00507,2555,10,301,330,30,NEAKNDALSMIIKSLKNLASRISGQDETIK,77.31700000000001
C9JRZ8,316,3,91,120,30,KAFEKTLKDLKLSYLDVYLIHWPQGFKTGD,98.175
O14497,2285,37,1111,1140,30,EDPPPDIFAAADSKKSQPKIQPPSPAGSGS,35.212666666666664
B3KU38,563,13,391,420,30,DADDSKTETSLDTPLSPMSKQSSSYSDRDT,49.792333333333325
A7MD48,611,4,121,150,30,RRSSSYSPSPVKKKKKKSSKKHKRRRSFSK,46.66299999999999
A7MCY6,615,7,211,240,30,HAGWPGSTPSVSDLERRRLEEALEAAQGEA,76.57266666666666
A6H8Y1,2624,65,1951,1980,30,TEEMKQEENLSVPFEMTTSEHIQDEPGTND,33.15966666666666
A3KN83,1393,23,691,720,30,NSSPRDSPCKENKIKKRKGEEITREAKKAR,34.880333333333326
A0JP26,581,1,31,60,30,RFPCCRGSGKSNMGTSGDHDDSFMKTLRSK,34.36900000000001
O14497,2285,23,691,720,30,GIRGPSPSPVGSPASVAQSRSGPLSPAAVP,31.76033333333334
A6H8Y1,2624,55,1651,1680,30,VENLHVNKTNETIRHENKPYVPSSAQMTRR,33.58066666666667
A6H8Y1,2624,6,181,210,30,RSKMTMRDFIYYLPDNNPMTSSLEQEKKTE,57.91
A1X283,911,28,841,870,30,AASVPNADGLKDSLYVAVADFEGDKDTSSF,64.89566666666666
O00268,1085,13,391,420,30,PPAPGTPTGLPKGAAGAVTQSLSRTPTATT,35.39833333333333
O14508,198,5,151,180,30,YLTKPLYTSAPSLQHLCRLTINKCTGAIWG,96.22333333333334
O00487,310,7,211,240,30,ELEQKMLLNLHKKSWMEGLTLQDYSEHCKH,85.904
O14763,440,10,301,330,30,NMLSPGESEHLLEPAEAERSQRRRLLVPAN,47.65999999999999
A6NKB5,2137,57,1711,1740,30,PAVLYEAIQSFEKKVVICHEGDPAWRGAVL,83.50433333333334
A0JNW5,1464,35,1051,1080,30,DLLPEAASLSENLDISKEETPPVRTLKSQS,29.40533333333333
B7U540,433,8,241,270,30,GEYIPLDQIDIDVGFDKGLDRIFLVSPITI,95.82833333333332
O00507,2555,52,1561,1590,30,LKNAGATCYMNSVIQQLYMIPSIRNSILAI,92.183
O14654,1257,16,481,510,30,EGSGGDYMPMNNWGSGNGRGSGGGQGSNGQ,38.25066666666667
A3KN83,1393,37,1111,1140,30,LGMEVHQQNALFQYFADTLTAVVQNAKKNG,83.60733333333334
A0JNW5,1464,10,301,330,30,DVNDAIVKLFNDFDVKETSHHLVISHLDLH,88.65833333333335
O00507,2555,78,2341,2370,30,LFQILLIEDSWQTHRIHNALKGIPDDRDGL,89.91066666666667
A7E2V4,1837,13,391,420,30,TSASHSSASGHTGRSNGQSEVAAHACASMC,59.43266666666667
O14757,476,7,211,240,30,PSDSCQEYSDWKEKKTYLNPWKKIDSAPLA,95.49333333333333
O00507,2555,8,241,270,30,RFFNGSALNIQIIAALIKPFGQCYEFLSQH,84.63633333333334
O00165,279,4,121,150,30,EGQTLRDSMLKYPDSHQPRIFGGVLESDAR,57.24166666666667
O00624,439,12,361,390,30,ICAVALPFVASSYVITIILLILIPGTSNLC,90.37566666666667
A7MD48,611,8,241,270,30,PPSQPLQMLGYLSARGVITGSGSAADLFTK,46.904
A2A2Y4,597,13,391,420,30,EEELPLGEGVPLPKEENISAPLISSSPVKA,38.20899999999999
O00116,658,9,271,300,30,ENNLTAHVEAGITGQELERQLKESGYCTGH,98.442
A6H8Y1,2624,67,2011,2040,30,CIIPHVHSKDKSHIPSSLDNVNHKIVHECQ,31.08833333333333
A7E2V4,1837,26,781,810,30,HAHGYSSEASRLTVELAQDLLANPPDLKVE,90.195
A7XYQ1,873,10,301,330,30,NIPLTDARRKAPSPVATAGQSQGPGPSAST,45.15866666666668
O14638,875,4,121,150,30,QRKDCCADYKSVCQGETSWLEENCDTAQQS,95.66933333333331
A7MCY6,615,18,541,570,30,RCASFCAGFPIPESPAATAYAHAEHAQSWP,37.408
A6H8Y1,2624,23,691,720,30,QEGSQLKALRPVQVRGRLQKPKPNAGKAAE,34.178666666666665
O00291,1037,33,991,1020,30,ENELQKERQKLGELRKKHYELAGVAEGWEE,73.33266666666665
B1AK53,854,23,691,720,30,PLPSVSPALSPVRSPTPPAAGFQPLLNGSL,38.341
O14657,336,4,121,150,30,IVAENLHPKGLKSNFVHLFVSTLHFPHEQK,94.30333333333334
A6QL63,1104,3,91,120,30,LPDLDEVPWTLQELEALLLRSRDPRAGPAV,75.75433333333334
A1A4S6,786,14,421,450,30,GVSSKVQRLLSMLMDVKTCNEVDLENSADW,86.79966666666665
A6H8Y1,2624,28,841,870,30,GEMAAALRETVRLDTSPKEMVPAEINTKEM,31.03
O14657,336,5,151,180,30,IKLYQDQLQKWIRGNVSACANSVFIFDEMD,94.95
O00161,211,3,91,120,30,KNFESGKAYKTTWGDGGENSPCNVVSKQPG,64.92499999999998
A6NKB5,2137,66,1981,2010,30,SGSRLSLHASATSLHSQPPPVTTTGHLSVR,26.645666666666664
O14744,637,1,31,60,30,GAVAKQGFDFLCMPVFHPRFKREFIQEPAK,94.465
A0JP26,581,15,451,480,30,KSRKPENQQFPDTENEEYHSDEQNDTQKQL,39.00366666666666
B3KU38,563,11,331,360,30,QKNERESIRQKLALGSFFDDGPGIYTSCSK,57.138000000000005
O00507,2555,82,2461,2490,30,SHSARMTLAKACELCPEEEPDDQDAPDEHE,63.23
O14757,476,3,91,120,30,ELFDRIEPDIGMPEPDAQRFFHQLMAGVVY,93.67533333333331
A7XYQ1,873,3,91,120,30,SVISPYNISTGYSGLATGNGLSDSPAGSKD,38.31466666666666
A6NGG8,1288,9,271,300,30,LQYTVSKLQVLNGTVASLTGSFLEGSSSYL,76.242
O00462,879,11,331,360,30,EPIKGSPGLSFYFKINGFPIFLKGSNWIPA,98.51533333333334
A0A1B0GTW7,788,11,331,360,30,RENCSTRQLVTRQDEWGQLLLTTPAVSLSL,88.00866666666666
A6H8Y1,2624,7,211,240,30,KPSTPVQTREQEGKSTPNAEDNEMEEETDD,31.19433333333333
A3KN83,1393,43,1291,1320,30,LGLVCEIGLRCRTYYVLCGSVLSVWTKVEG,81.03333333333333
O00291,1037,1,31,60,30,AERESFERTQTVSINKAINTQEVAVKEKHA,92.00499999999998
O00400,549,0,1,30,30,MSPTISHKDSSRQRRPGNFSHSLDMKSGPL,27.279
O14524,444,4,121,150,30,KEKLNDTYVNVGLYSTKTCLKVEIIEKDTK,71.76533333333333
A7E2V4,1837,41,1231,1260,30,NQPSEAAAHFYFELAKTVLIKAGGNSSTSI,80.96866666666666
O00762,179,2,61,90,30,KWVGTIHGAAGTVYEDLRYKLSLEFPSGYP,97.63833333333332
O14654,1257,13,391,420,30,DEMLFTRRFVTPSEPVAHSRRGRLHLPRGR,37.094
A7E2V4,1837,40,1201,1230,30,ASASGGARAKTVEVGRYKGRRPESHAPHVP,39.41199999999999
B3KU38,563,14,421,450,30,TEEESESLDDMDFLTRQKKLQAEAKMALAM,77.59233333333333
A1X283,911,11,331,360,30,PDGDAKQRSPKMRQRPPPRRDMTIPRGLNL,38.54099999999999
D3W0D1,207,4,121,150,30,ELEFIQNSLKPGHFGWIGLYVTFQGNLWMW,95.18266666666666
O00635,465,2,61,90,30,QCRAPFHMDSLRPNKQLGSLIEALKETDQE,84.329
A3KN83,1393,16,481,510,30,EPRNMAYMNRLGIWGEGTPFREFSDFIQAV,82.53733333333334
A5D8V7,595,8,241,270,30,SLNLENRLDSMEAEVVRTKHELEALHVVNQ,96.27966666666666
O14654,1257,17,511,540,30,GSSSHSSGGNQCSGEGQGSRGGQGSNGQGS,37.63333333333333
O00268,1085,10,301,330,30,AAAQNGGSAGAAPAPAPAAGGPAGVSGQPG,37.46600000000001
A6NGG8,1288,26,781,810,30,PQISPASGRESLKMGIGWKPLAPIFPPLPK,39.34866666666667
O00237,685,20,601,630,30,NEDMEPDWLTWPADMLHCTECVVCLENFEN,76.47933333333332
A7XYQ1,873,18,541,570,30,IPIPHVSDSKPPNGFSSNGENFIPNAPGDS,44.456
O14524,444,6,181,210,30,SRSQIFYYSTGMTVGIVASLLIIIFILSKF,89.07566666666666
A7XYQ1,873,11,331,360,30,TVSPSDTANCSVTKIPTPVPKSIPISETPN,40.70900000000001
O00444,970,16,481,510,30,GNLQINAHLRKTTEYDSISPNRDFQGHPDL,29.499333333333325
O00400,549,12,361,390,30,LIISKYTAGPQPLNTFYKAMPYRLLLGLEY,92.01166666666664
O00507,2555,31,931,960,30,KKIELFVGGELIDSEDDRKLIGQLNLKDKS,80.69133333333335
O14788,317,4,121,150,30,QAFQGAVQKELQHIVGSQHIRAEKAMVDGS,63.98199999999999
A6NGG8,1288,32,961,990,30,HHSGPPSGQNRTSESSLARPRQSRERSPPV,35.79
A0A1B0GTW7,788,22,661,690,30,CYFHGPSITTSLVFTVHMWKSPGCQGPSVA,78.18866666666666
A6BM72,1044,1,31,60,30,WESYAVTVQESYAHPFDQIYYTRCTDILNW,78.31266666666667
O00462,879,12,361,390,30,DSFQDRVTSELLRLLLQSVVDANMNTLRVW,98.57766666666669
O00478,584,18,541,570,30,ANESGEPQAEVTSLLLPAHPGAEVSPSATT,41.617333333333335
O14497,2285,46,1381,1410,30,AKRHEGEMYSVPYSTGQGQPQQQQLPPAQP,32.15333333333332
A5D8V7,595,13,391,420,30,LKSENEQTLVRLKQEKQQLQRELEDLKYSG,93.328
A6H8Y1,2624,42,1261,1290,30,DIPIMEKVSGKMAVVEEMEADLKETGKENF,32.73500000000001
A6H8Y1,2624,84,2521,2550,30,EPMQVHSKKRLKPLIPGLRKKLKRSNPFNE,37.298
A2RUB6,948,17,511,540,30,YEEDILKQKQKEEIMTLKTNELFQTMQRAQ,96.34666666666666
O00116,658,1,31,60,30,PDRAGRRLRVLSGHLLGRPREALSTNECKA,41.55166666666666
O00422,153,2,61,90,30,WMDATLKELTSLVKEVYPEARKKGTHFNFA,96.89266666666668
O00712,420,6,181,210,30,AYYVQEQDSGQSGSPSHNDPAKNPPGYLED,58.41066666666667
O00237,685,16,481,510,30,DWDEDPDLFLERLAFPDLWLHPLIPTDYIK,57.07266666666666
O14756,317,9,271,300,30,ALTSVHPRTRYSAGWDAKFFFIPLSYLPTS,96.485
A0PK11,232,0,1,30,30,MPGWFKKAWYGLASLLSFSSFILIIVALVV,93.35466666666666
O00237,685,13,391,420,30,LKLLRYSNTTTLASWVRADWMFYSSHPALF,85.42599999999999
O00291,1037,5,151,180,30,EYHTKNPRFPGNLQMSDRQLDEAGESDVNN,91.51066666666668
O00291,1037,27,811,840,30,GDTGVKLEVNERILGCCTSLMQAIQVLIVA,93.11966666666667
O14657,336,1,31,60,30,GLAIGAASAITGYLSYNDIYCRFAECCREE,65.01033333333332
O00478,584,14,421,450,30,GWVKMTPENGYWTMGLTDGNKYRALTEPRT,92.96399999999998
A7E2V4,1837,47,1411,1440,30,EVLFEVAHQWFWLYEQTAGGSSTAREGATS,66.99266666666668
O14628,629,11,331,360,30,EFGKVFNQCSHLTEHEHGTEEKPCKYEECS,25.37333333333333
O00237,685,1,31,60,30,GIFATQLVDPVALSFKKLKTILECRGLGYS,73.76133333333333
A1X283,911,5,151,180,30,PMVLEQYVVVANYQKQESSEISLSVGQVVD,73.975
O00300,401,0,1,30,30,MNNLLCCALVFLDISIKWTTQETFPPKYLH,61.689333333333344
O14503,412,4,121,150,30,LQSGLQAGELSGRNVETGQEMFCSGFQTCA,73.83066666666667
O14804,337,8,241,270,30,AGAAKHERKAAKTLGIAVGIYLLCWLPFTI,85.56466666666667
A8MW99,385,6,181,210,30,STVSDSVFQLLDGLITFYRNPKLPFSRFWT,78.80999999999999
A6NKB5,2137,42,1261,1290,30,DISESFLLDFFMVSILFSKLGDLLHKLQFV,89.16633333333333
A7E2V4,1837,54,1621,1650,30,FPAIQGASLPALTTQPSPLVSGGFPPPEEE,30.592666666666663
O00409,490,3,91,120,30,DDDTPPSPAHSDMPYDARQNPNCKPPYSFS,64.63533333333334
O00478,584,1,31,60,30,FSVLGPSGPILAMVGEDADLPCHLFPTMSA,95.92566666666669
O14638,875,12,361,390,30,LHNCVNIILLADHGMDQTYCNKMEYMTDYF,98.54033333333334
O00444,970,30,901,930,30,QLTSGAVWVQFNDGSQLVVQAGVSSISYTS,85.05600000000001
A6NFY7,115,1,31,60,30,RVRAEFRQHAGLPRSDVLRIEYLYRRGRRQ,93.64866666666666
A6NKB5,2137,21,631,660,30,HSSKQGKPDLQSQDHTSTGPACTQPAKTTA,27.41433333333333
O00329,1044,21,631,660,30,KFLLDRALANRKIGHFLFWHLRSEMHVPSV,96.84233333333334
O00322,258,7,211,240,30,DYLFTKGCFEHIGHAIDSYTWGISWFGFAI,88.64266666666667
A9UHW6,222,6,181,210,30,FLLPTGLSSLAQLLLLEIIEFRAAGWKTTP,93.51033333333334
A6NGG8,1288,23,691,720,30,HPEDEQGKAGKLPNAIPSGEVSEAAKATDW,35.76933333333333
A6QL63,1104,20,601,630,30,SEQGMTPLMYACVRGDEAMVQMLLDAGADL,89.59633333333335
O00507,2555,41,1231,1260,30,SRYMPDICVIRAIQKIIWASACGALGLVFS,87.03266666666666
O14628,629,6,181,210,30,DNLYLRKDWESLDECKLQKDYNGLNQCSST,25.30133333333334
O00329,1044,30,901,930,30,IRESGQLFHIDFGHFLGNFKTKFGINRERV,77.18699999999998
A8MW99,385,7,211,240,30,EAVGTLASLISDYNLSSHILKKCSKKLEEF,78.83733333333335
A1A4S6,786,16,481,510,30,VPAKSGSPESRVNAIHFLVHKLPEKNKEML,93.18333333333334
A7MD48,611,10,301,330,30,SARSRGQEKGSPSGGLSKSRELNSGNTSDS,44.74699999999999
O14497,2285,53,1591,1620,30,LPRPMENRTSPSKSPFLHSGMKMQKAGPPV,34.91400000000001
O00291,1037,16,481,510,30,NHADLLRKNAEVTKQVSMARQAQVDLEREK,81.80233333333332
B2RUY7,222,0,1,30,30,MALHIHEACILLLVIPGLVTSAAISHEDYP,46.38133333333335
A1A4S6,786,19,571,600,30,EKIFRTPPDTTFPEPTCLSASPPNAPPRQS,54.75933333333332
A7E2V4,1837,7,211,240,30,ASAVCLRAPVSESLSRLQRDQLQKFAQYLI,89.53333333333333
O14657,336,2,61,90,30,RPLNASALKLDLEEKLFGQHLATEVIFKAL,95.14466666666664
A6QL63,1104,22,661,690,30,GHIPVVQLLLDAGAKVEGSVEHGEENYSET,79.43366666666667
A6BM72,1044,14,421,450,30,GCTCAPGFMGEVCAVSCAAGTYGPNCSSIC,80.18466666666667
A3KN83,1393,27,811,840,30,SKRPSFSSTPVISPAPNSTPANSNTNSNSS,35.02133333333333
A7E2V4,1837,6,181,210,30,CRVTSCSCTCGAGAKWCTHVVALCLFRIHN,93.52700000000002
O00159,1063,4,121,150,30,DTVYRALRTERRDQAVMISGESGAGKTEAT,88.31433333333332
B1AK53,854,20,601,630,30,PPPPPLPEAASSPPPAPPLPLESAGPGCGQ,43.649999999999984
B7U540,433,2,61,90,30,DEKSQRYLADMFTTCVDIRWRYMLLIFSLA,91.37633333333332
A0JNW5,1464,20,601,630,30,SIQSSEMIATNTRHCPNCRHSDLEALFQDF,93.489
O00507,2555,19,571,600,30,LKQIREICSLFGEASQNLSQTQRSPHIFYR,66.93
O14497,2285,70,2101,2130,30,DPFSTLGPNAVLSPQRLVLETLSKLSIQDN,93.887
O00214,317,6,181,210,30,PQLRLPFAARLNTPMGPGRTVVVKGEVNAN,91.01133333333333
B7U540,433,12,361,390,30,DLVENKFLLPSANSFCYENELAFLSRDEED,62.80933333333336
A7XYQ1,873,23,691,720,30,GGCRDGHCSPPAAGDPGPGAPAGPEAAAAC,41.47533333333333
O00409,490,10,301,330,30,VTAAMRNGITSCRMRTESEPSCGSPVVSGD,43.21199999999999
O14804,337,10,301,330,30,NPIIYVFSYQWFRKALKLTLSQKVFSPQTR,84.77866666666665
A0A1B0GTW7,788,4,121,150,30,YCHAVWGDPDSPNYHRCSLLNPGYKGESCL,90.64166666666668
O00237,685,8,241,270,30,ANLDQPPAFFSALSIKFTGRVEFIFVNVEN,85.433
O14503,412,7,211,240,30,GSEGPGKNCVPVIQRTFAHSSGEQSGSDTD,54.310666666666656
A3KN83,1393,22,661,690,30,LQSLIEKHFPAPDRKKLYSLLGIDLTAPSN,60.00299999999999
O14638,875,10,301,330,30,TLLKWLDLPKAERPRFYTMYFEEPDSSGHA,98.55633333333334
O14638,875,25,751,780,30,FDYNYDGHFDAPDEITKHLANTDVPIPTHY,97.93333333333334
A6H8Y1,2624,54,1621,1650,30,SNSQIETEIEVPSSAVPEHRMYENQSQVVL,35.789
O00237,685,7,211,240,30,ASRIKTIYNAEHLKEEWNKSDQYWLKIYLF,82.80699999999999
O00291,1037,12,361,390,30,NFNSQNGVNKDEKDHLIERLYREISGLKAQ,67.60566666666668
B3KU38,563,0,1,30,30,MRLEELKRLQNPLEQVNDGKYSFENHQLAM,37.98300000000001
O14628,629,9,271,300,30,FQKCGECGKTFIQCSHFTEPENIDTGEKPY,36.204666666666654
A4D1B5,854,17,511,540,30,LPLMKVLSFKGYWEKLNSNLEYVKYAKPHF,82.66966666666666
O00507,2555,11,331,360,30,NLEIFRLKMILRLLQISSFNGKMNALNEIN,82.49166666666666
O00622,381,10,301,330,30,AGCLSVKKYRPKYCGSCVDGRCCTPQLTRT,89.72033333333333
A4D1B5,854,26,781,810,30,VTRLLQNYKKQPRNSMINKSSFSVEFLPLN,59.89733333333335
A1X283,911,1,31,60,30,VTWSSGSTEAIYRRYSKFFDLQMQMLDKFP,90.00866666666666
O00329,1044,28,841,870,30,KSNMAATAAFNKDALLNWLKSKNPGEALDR,79.09833333333333
O00409,490,4,121,150,30,CLIFMAIEDSPTKRLPVKDIYNWILEHFPY,96.07666666666664
A6NKB5,2137,36,1081,1110,30,DPLPKKMKDSVTDVLKWDLIVCAVVAVLSF,81.41533333333334
A0JNW5,1464,24,721,750,30,SFPLSIWICQPTRYAESQKEPQTCNQVSLN,69.47399999999999
O00622,381,5,151,180,30,VKVTGQCCEEWVCDEDSIKDPMEDQDGLLG,58.058333333333344
A7MCY6,615,16,481,510,30,AEAATLPKPRAYGSELYGPGRPLSPRRAFE,38.02633333333335
B2RUY7,222,3,91,120,30,PKIHPKCTKVEHNGCCPECKEVKNFCEYHG,84.69766666666666
O00507,2555,23,691,720,30,YLCDREACFKWYSKLMGDEPDLDPDINKDF,85.69666666666669
O00322,258,3,91,120,30,SMVLTYLVLMLIVYIFECASCITSYTHRDY,91.06
O00330,501,12,361,390,30,IDISVAVATDKGLLTPIIKDAAAKGIQEIA,92.51433333333333
A6H8Y1,2624,81,2431,2460,30,TTPEPQRQQVEAAFQSRGSRSPDACMDKNV,30.47033333333333
O00161,211,5,151,180,30,EMEENLTQVGSILGNLKDMALNIGNEIDAQ,96.03133333333334
A7E2V4,1837,4,121,150,30,RLYSCLANGSADEFQRGDQLFRMRAVKDPL,93.594
A6H8Y1,2624,10,301,330,30,KPWSNKETDMFFLAISMVGTDFSMIGQLFP,93.30633333333334
A6NGG8,1288,22,661,690,30,NTTSRLKASLTKNFSILPSQDKSILQKCNP,39.83766666666666
A4GXA9,379,5,151,180,30,LQGVATLTQISGPTHWVPWISPETTARPHL,81.19966666666667
A0A1B0GTW7,788,19,571,600,30,SPWVPCLPGKVIQIPGYYGLLFCPRGRLCQ,86.006
A7E2V4,1837,35,1051,1080,30,GALQPLTSGSAGPAQPGSVAGAGPGPTEGF,33.679
A0JNW5,1464,9,271,300,30,RKSMAPEPTQSSTVVASAQQVKTTQTSNAP,38.025666666666666
O00115,360,4,121,150,30,DHDGGFWLVHSVPNFPPPASSAAYSWPHSA,95.85833333333332
B1AK53,854,25,751,780,30,PEWKRQVMVRKMQLKMQEEEEQRRKEEEEE,83.07966666666668
O14628,629,14,421,450,30,WFSDLTKHKRIHTGEKPYKCDECGKAYTQS,79.9
A6H8Y1,2624,18,541,570,30,DPILSLSNQQDATSVATESSESSTSDLPSF,32.58766666666667
O00116,658,10,301,330,30,EPDSLEFSTVGGWVSTRASGMKKNIYGNIE,98.47966666666666
A6NI61,221,6,181,210,30,SFYHCALAMSFVLLLPKVNKKAGSPGTPAK,86.91766666666668
A7XYQ1,873,8,241,270,30,GDGERRLQFCSAKCLNQYKMDIFYKETQAN,83.65799999999999
O00268,1085,33,991,1020,30,MQQQELAQMRQRDANLTALAAIGPRKKRKV,77.83866666666667
O00400,549,8,241,270,30,CNKYLRFQPQPRGIVTLSDFLFFWGTVFLI,94.02533333333334
A3KN83,1393,4,121,150,30,TKFIQTTASTRPSVSAPTVRNAMTSAPSKD,34.14733333333333
O00507,2555,62,1861,1890,30,GGTKYRLVGVLVHSGQASGGHYYSYIIQRN,89.56333333333333
O00329,1044,7,211,240,30,DVPLALMACALRKKATVFRQPLVEQPEDYT,91.023
A8MW99,385,1,31,60,30,EYTEHLAMLLSEEQSKWRSKVEILEAEVMQ,89.73966666666668
O14524,444,2,61,90,30,RASQQFCYTNVLIPKWHDIWTRIQIRVNSS,79.214
A6NGG8,1288,0,1,30,30,MGCTPSHSDLVNSVAKSGIQFLKKPKAIRP,42.58066666666668
A1X283,911,6,181,210,30,IIEKNESGWWFVSTAEEQGWVPATCLEGQD,74.18733333333333
O00159,1063,30,901,930,30,LGTDEISPRVLQALGSEPIQYAVPVVKYDR,84.148
B3KU38,563,16,481,510,30,ISECLMKRSLKPTDLRDMTIGQLQVIVNDL,82.432
O00478,584,17,511,540,30,ICPIPKEVESSPDPDLVPDHSLETPLTPGL,47.58633333333332
A6QL63,1104,12,361,390,30,IWGLLQPYQHLICGKNASGVLCLPDSLNLH,79.50733333333332
A7E2V4,1837,36,1081,1110,30,TEKNVPESSPHSPCEGLPSEAALTPRPEGK,29.094
O00624,439,2,61,90,30,GPVADAFNNSSISIKEFDTKASVYQWSPET,52.98166666666668
A6NKB5,2137,31,931,960,30,PSYVVYGLKLFSPVFLQSARDYLIVFLYCF,79.07666666666667
O14657,336,3,91,120,30,TGFRNNKNPKKPLTLSLHGWAGTGKNFVSQ,94.53133333333334
A0A1B0GTW7,788,17,511,540,30,GEIYHPQSRCFFANLTSQLLPGDKPRHPSL,71.86200000000001
A1A519,330,1,31,60,30,DALQPGSTRVAKGWSQGVGEVTSTSEYCSC,43.353
O00506,426,6,181,210,30,WMAPEVIKQSAYDFKADIWSLGITAIELAK,93.34333333333332
O00462,879,14,421,450,30,LYPTDQGFLDSVTAEVAYQIKRLKSHPSII,98.277
O14763,440,3,91,120,30,GRDCISCKYGQDYSTHWNDLLFCLRCTRCD,95.15666666666668
O00116,658,17,511,540,30,IAYIRDLALEYYVLGESFETSAPWDRVVDL,97.73566666666667
O00165,279,7,211,240,30,ISVTKITKPDGIVEERRTVVDSEGRTETTV,92.69133333333332
O14757,476,14,421,450,30,NNKLIFKVNLLEMDDKILVDFRLSKGDGLE,82.13666666666664
A2A2Y4,597,12,361,390,30,TQSRSSHSLNKQLIINMEPLQPLLPSPSEQ,36.53733333333333
O00329,1044,19,571,600,30,WPELPVLSALELLDFSFPDCHVGSFAIKSL,95.50866666666668
O00214,317,7,211,240,30,AKSFNVDLLAGKSKDIALHLNPRLNIKAFV,96.302
O14757,476,5,151,180,30,LATVFRYNNRERLLNKMCGTLPYVAPELLK,92.02066666666666
O14497,2285,22,661,690,30,VSTSGISSSQGEQSNPAQSPFSPHTSPHLP,32.363
A6NKB5,2137,68,2041,2070,30,ALVISGLSAAEGGNTSDTQSSSSVNIVMGP,32.760000000000005
A2A2Y4,597,2,61,90,30,ICNYYSLLEKDYFGIRYVDPEKQRHWLEPN,92.65033333333334
A4D1B5,854,14,421,450,30,CLDCEKMAALHCALYCGQGAQFLEAQIIQW,83.44366666666666
A6NGG8,1288,7,211,240,30,TRELLQPMVSFLLLCFEEISQLLGEISKDG,77.04599999999998
O14497,2285,58,1741,1770,30,QRTLLDPGRFSKVSSPAPMEGGEEEEELLG,42.05700000000001
O14497,2285,71,2131,2160,30,NVDLILATPPFSRLEKLYSTMVRFLSDRKN,93.24566666666666
O14497,2285,27,811,840,30,RQPNYNALPNANYPSAGMAGGINPMGAGGQ,32.602333333333334
O14497,2285,4,121,150,30,PGGGGGGSSDGVGAPPHSAAAALPPPAYGF,31.64633333333333
A6NGG8,1288,28,841,870,30,KSFASLESPESSKSTENSPKETQEPGPGEA,39.37733333333333
O14788,317,5,151,180,30,WLDLAKRSKLEAQPFAHLTINATDIPSGSH,77.59166666666667
O00291,1037,4,121,150,30,LSDMSRMWGHLSEGYGQLCSIYLKLLRTKM,93.51433333333333
A6NCS4,301,0,1,30,30,MLLSPVTSTPFSVKDILRLERERSCPAASP,66.077
A1X283,911,9,271,300,30,PASYLKKNSGEPLPPKPGPGSPSHPGALDL,51.68133333333334
O00444,970,13,391,420,30,AKTYTMERCHSAEMLSVSKRSGGGENEERY,28.87866666666667
O00400,549,4,121,150,30,LKLLWAPLVDAVYVKNFGRRKSWLVPTQYI,90.96066666666668
A0A1B0GTW7,788,16,481,510,30,EGCRMYKPLANGSECWKKENGFPAGVDNPH,88.20866666666667
O00291,1037,7,211,240,30,SVSVTAAGQCRLAPLIQVILDCSHLYDYTV,91.39833333333334
O14763,440,6,181,210,30,KESGTKHSGEVPAVEETVTSSPGTPASPCS,48.71500000000001
A6NKB5,2137,8,241,270,30,HRSEGGLVDKGPLKKLPHLSLSQYDLLETD,26.905000000000005
A7E2V4,1837,9,271,300,30,GAPDPTAGPSASDQSTWYLDESTLTDNIKK,85.44533333333332
O00748,559,15,451,480,30,PHMKADHGDELPFVFRSFFGGNYIKFTEEE,85.92866666666666
O00254,374,2,61,90,30,GATITVKIKCPEESASHLHVKNATMGYLTS,62.72266666666666
O14497,2285,28,841,870,30,MHGQPGIPPYGTLPPGRMSHASMGNRPYGP,33.05433333333334
O00712,420,1,31,60,30,WFNLQARKRKYFKKHEKRMSKDEERAVKDE,94.41466666666666
O00159,1063,28,841,870,30,REASELLRELCIKNMVWKYCRSISPEWKQQ,84.99666666666668
O14654,1257,19,571,600,30,GGGQGPGDGHGSGGGKNSGGGKGSGSGKGS,42.23633333333333
A3KN83,1393,42,1261,1290,30,DALMHWLDQYNSSADTCTHAYWRGNCKKAS,86.76033333333334
A9UHW6,222,2,61,90,30,AIIQAESKQAGQSVFRRGLLNRLQQEYQAR,91.8823333333333
O00748,559,16,481,510,30,EQLSRKMMKYWANFARNGNPNGEGLPHWPL,97.29466666666669
A2RUB6,948,25,751,780,30,SQNRGISPEIFHSSHQETESKLRWHLVKKE,35.486
A0JNW5,1464,0,1,30,30,MAGIIKKQILKHLSRFTKNLSPDKINLSTL,69.96166666666667
O14613,210,5,151,180,30,WRIPETGSPNSGLTPESGAEEPFLSNASSL,44.29866666666667
A6H8Y1,2624,48,1441,1470,30,PKPNLARAALKRETTESEKYIYEKKSETKK,31.71066666666667
O14756,317,8,241,270,30,QYFDALYNIMKEGLLNCSTNLNLVTDCMEH,95.05066666666669
O00507,2555,34,1021,1050,30,FLWQVADLGSNLNMPPLRDGARVLMKLMPP,89.75233333333334
A2RUB6,948,29,871,900,30,DPQYQNSQDCGQKRQLFDSDCVRDPLLNPN,48.807333333333325
A0JNW5,1464,11,331,360,30,ICDDIHAKEKESNRRITGGAMQLSFTQLTI,75.82533333333335
A7MD48,611,19,571,600,30,SSRSPSPGSRSRSRSRSRSRSRSRSQSRSY,40.37266666666667
O00268,1085,16,481,510,30,HAQPQTTMAPRPATPTSAPPVQISTVQAPG,35.774333333333324
O00507,2555,44,1321,1350,30,LLLHCPSKTVRQLAQEQFFLMCTRCCMGHR,89.98966666666666
A6H8Y1,2624,80,2401,2430,30,VHSKELTNVFEETGESHKGQDIFLTSGSTL,30.127666666666663
O14497,2285,55,1651,1680,30,PVLKQRRRLTMKDIGTPEAWRVMMSLKSGL,93.332
O14763,440,2,61,90,30,LAPQQRAAPQQKRSSPSEGLCPPGHHISED,69.99966666666667
A7E2V4,1837,38,1141,1170,30,MASIDSSAPETTSDSSPTLSRRPLRGGWAP,29.53666666666665
O14640,695,7,211,240,30,TSSRLIRKHKRRRRKQRLRQADRASSFSSI,40.02233333333334
A6QL63,1104,26,781,810,30,PLCASRNSKAKLRALREAMYHSAEHGYVDV,78.10533333333333
O14497,2285,74,2221,2250,30,PPFEPTSVDMMRRAARALLALAKVDENHSE,88.828
O00409,490,9,271,300,30,FPPGVIQNGARVLSRGLFPGVRPLPITPIG,46.874
O00330,501,4,121,150,30,NIRLGSLIGLIVEEGEDWKHVEIPKDVGPP,69.76366666666668
O00507,2555,61,1831,1860,30,VAGVANLERDNVNSENELIEQKEQSDNETA,46.97233333333335
O00748,559,4,121,150,30,EDCLYLSIYTPAHSHEGSNLPVMVWIHGGA,97.013
O14497,2285,21,631,660,30,SLQSRPSSLPDLSGSIDDLPMGTEGALSPG,33.278
O00478,584,6,181,210,30,DTKGENIPAVEAPVVADGVGLYAVAASVIM,91.36433333333332
O14638,875,18,541,570,30,HLLKVPFYEPSHAEEVSKFSVCGFANPLPT,97.41433333333332
A9UHW6,222,5,151,180,30,LVLQLHRVGEQLEKMNGQRMDELFVLIRDG,97.71233333333332
A1X283,911,12,361,390,30,PKPPIPPQVEEEYYTIAEFQTTIPDGISFQ,68.825
O00159,1063,25,751,780,30,RQKFLRVKRSAICIQSWWRGTLGRRKAAKR,91.96633333333332
O00337,649,16,481,510,30,DCPVVAELLGIKLFLNEFVAYQDLSKYKQR,95.27366666666668
B1AK53,854,19,571,600,30,PQAALLPGNHVPNGCAADPKASRELPPPPP,44.345333333333336
O14497,2285,45,1351,1380,30,GSPFPSQQTTMYQQQQQNYKRPMDGTYGPP,31.884333333333338
B7U540,433,13,391,420,30,EADGDQDGRSRDGLSPQARHDFDRLQAGGG,38.76233333333333
O00116,658,3,91,120,30,MKWNGWGYNDSKFIFNKKGQIELTGKRYPL,95.619
A1X283,911,4,121,150,30,FFETRPEDLNPPKEEHIGKKKSGGDQTSVD,54.547
O14640,695,1,31,60,30,ADFKNVLSNRPVHAYKFFFKSMDQDFGVVK,86.60466666666669
O14618,274,4,121,150,30,GLEPGLHGLHVHQYGDLTNNCNSCGNHFNP,97.58200000000002
A6NGG8,1288,20,601,630,30,QSHVEDPTFQELRRVQRDLSQKLEAFYALG,73.32266666666668
O00329,1044,15,451,480,30,ELLNPTGTVRSNPNTDSAAALLICLPEVAP,93.33933333333334
O00444,970,20,601,630,30,PIRQKTKKAVVSILDSEEVCVELVKEYASQ,90.552
O14497,2285,29,871,900,30,NMANMPPQVGSGMCPPPGGMNRKTQETAVA,33.914
A1A4S6,786,3,91,120,30,SNFLKNLEEQREIMALSVTETLIKPLEKFR,93.51
O00560,298,6,181,210,30,AFGEKITMTIRDRPFERTITMHKDSTGHVG,94.44566666666668
O00560,298,4,121,150,30,QDGKIGLRLKSIDNGIFVQLVQANSPASLV,95.11933333333334
A6NKB5,2137,48,1441,1470,30,TFQLRGLEFRGTYCQQREVEAIMEGDEEDR,76.13033333333334
O14613,210,3,91,120,30,VCGRELPDGPSPLLKNAISLPVIGGPQALT,53.16866666666667
O00329,1044,23,691,720,30,KLKALNDFVKLSSQKTPKPQTKELMHLCMR,93.985
A0JNW5,1464,27,811,840,30,VHKHVSMQINHYQYLLLLFLHESLILLSEN,88.89
A1X283,911,3,91,120,30,AVKRLIPIDEYCKALIQLPPYISQCDEVLQ,91.46566666666668
A6H8Y1,2624,14,421,450,30,MSSRISDTERSQKDAQTVEEESLTLSREDA,29.09433333333333
O14756,317,3,91,120,30,AAATQWVKEHVGDRGLWGLVNNAGILTPIT,96.87133333333334
A2RUB6,948,7,211,240,30,SSVPAENKSVLNEHQETSKQCEQKIAIENE,38.03266666666668
O14654,1257,32,961,990,30,NVEFGVPFPNPANDLSDLLRAIPRANPLSL,35.143666666666675
O00329,1044,2,61,90,30,MLSGPEAYVFTCINQTAEQQELEDEQRRLC,88.84633333333335
O14524,444,9,271,300,30,LENERSINLLTWTLQLMGLCFMYSGIQIPH,92.748
A0A1B0GTW7,788,8,241,270,30,LLGSSNLPTLASQSIRITGPSVIAYAACCQ,52.22933333333334
O00237,685,19,571,600,30,CDAEACSCANKYCQTSPCERKGRSYGSYNT,32.25733333333333
O14628,629,13,391,420,30,FNHSPNPSKHQRNEIGGKPFKCEECDSIFK,54.85099999999999
O00268,1085,31,931,960,30,DDRYEQASDVRAQLKFFEQLDQIEKQRKDE,89.4
A6H8Y1,2624,63,1891,1920,30,HLAPEEVNKAPVFVPVGLRSPEPVSAQIEE,43.41699999999999
A3KN83,1393,12,361,390,30,RDLRDIGAKNILVHSLNKFKYGKISSKHNG,88.702
O00505,521,4,121,150,30,KCLERDDNPSLQFEAAWALTNIASGTSAQT,95.31
D3W0D1,207,5,151,180,30,IDEHFLVPELFSVIGPTDDRSCAVITGNWV,96.14
O14804,337,2,61,90,30,YFKALHTPTNFLLLSLALADMFLGLLVLPL,95.77766666666668
C9JLW8,97,2,61,90,30,GLVEEYVEKVPNPSLKTFKPIDLSDLKRRS,82.90399999999998
O14654,1257,26,781,810,30,FMAPGAGAIPKNPRNPQGGSSSKSWSSYFS,36.88433333333334
A6QL63,1104,10,301,330,30,CSAASSASGGSSCCAPPAAAAAAVPPAAAA,27.748
A5D8V7,595,18,541,570,30,EYNTRIALPLATSKDKFFDEESEEEDNEVV,51.223
O14497,2285,65,1951,1980,30,NIKILEDEPHSKDETPLCTLLDWQDSLAKR,84.66833333333334
A3KN83,1393,21,631,660,30,LQSTGEARTLEALEEGGGELNDFVSTAKGV,77.97899999999998
O00487,310,8,241,270,30,NESVVKEMLELAKNYNKAVEEEDKMTPEQL,88.00800000000001
O00507,2555,84,2521,2550,30,GPAAHHLNNPQKTGQRTQENYEGNEEVSSP,33.02066666666666
A1X283,911,2,61,90,30,MEGGQKDPKQRIIPFLPGKILFRRSHIRDV,74.46133333333334
A6H8Y1,2624,83,2491,2520,30,SSSKASLSRPGRRPLGFLSLICSKNSLESD,34.42866666666666
A6QL63,1104,27,811,840,30,TIDIRSIGVPWTLHTWLESLRIAFQQHRRP,93.23433333333335
O14788,317,3,91,120,30,LRLHENADFQDTTLESQDTKLIPDSCRRIK,57.90033333333333
O14654,1257,20,601,630,30,DGDGERGKSLKKRSYFGKLTQSKQQQMPPP,40.93300000000001
A6NKB5,2137,12,361,390,30,TSQPGDPLSLHEPIKIVITMSSTPNSMTDL,27.299333333333337
O00116,658,18,541,570,30,CRNVKERITRECKEKGVQFAPFSTCRVTQT,97.93800000000002
A6NFY7,115,2,61,90,30,LQLLRSGHATAMGAFVRPRAPTGEPGGVGC,59.11933333333332
O14638,875,8,241,270,30,SKEQNNPAWWHGQPMWLTAMYQGLKAATYF,98.54033333333336
O00337,649,1,31,60,30,SLEEGQLPRSDLSPAEIRSSWSEAAPKPFS,29.69266666666667
A1L3X0,281,7,211,240,30,QLVQFVIVAIHISQFFFMEDCKYQFPVFAC,89.94599999999998
O14497,2285,67,2011,2040,30,LGKLILLHHKHPERKQAPLTYEKEEEQDQG,63.704000000000015
O14744,637,11,331,360,30,PIKYSQYQQAIYKCLLDRVPEEEKDTNVQV,96.57866666666668
A6H8Y1,2624,13,391,420,30,LKEKKSTKPRKNVKVKKVACEGVNNDPDES,34.72766666666667
O00159,1063,23,691,720,30,QDGVAVLVRHLGYKPEEYKMGRTKIFIRFP,90.298
O14654,1257,15,451,480,30,NNGARLSSEVSGSGSGNFGEEGNPQGKEDQ,35.352333333333334
A7E2V4,1837,10,301,330,30,TLHKFCGPSPVVFSDVNSMYLSSTEPPAAA,60.90433333333332
O00507,2555,18,541,570,30,CSQDRDAQKIQWIDHFIEELRTNDKWVIPA,79.309
A6H8Y1,2624,74,2221,2250,30,RGLGENSVEEPQIKDSKGDSVLTLPVPEYT,31.919666666666668
O00506,426,9,271,300,30,TRYTKKTSFLTELIDRYKRWKSEGHGEESS,88.26833333333333
A2A2Y4,597,8,241,270,30,AAGFVVFQGNKRIHLIKWPDVCKLKFEGKT,93.11
O00329,1044,27,811,840,30,TPYGCLPTGDRTGLIEVVLRSDTIANIQLN,93.244
O00409,490,15,451,480,30,EEMKEAAGSLLHLAGIRSCLNNITNRTAKG,71.83899999999998
A6NKB5,2137,70,2101,2130,30,CLAEAVADTLGVVCRRASQEDMGLDDTASQ,29.123
A1L3X0,281,4,121,150,30,YFSKFIELLDTIFFVLRKKNSQVTFLHVFH,95.31833333333331
A7XYQ1,873,1,31,60,30,MKNFAENTMNELLGWYGYDKVELKDGEDIE,78.35699999999997
O00748,559,11,331,360,30,DFQPVPSIVGVNNNEFGWLIPKVMRIYDTQ,93.796
O00165,279,8,241,270,30,TRHEADSSPRGDPESPRPPALDDAFSILDL,56.551
A2RU14,115,0,1,30,30,MAGTVLGVGAGVFILALLWVAVLLLCVLLS,87.73366666666666
C9JRZ8,316,2,61,90,30,EKIQEKAVMREDLFIVSKVWPTFFERPLVR,98.13233333333334
A3KN83,1393,38,1141,1170,30,RYDMGILDLGSGDEKVRKSDVKKFLTPGYS,70.38133333333333
A4D1B5,854,6,181,210,30,RIHVAQEDGNRVVIKNSGHLPRDRIAEDFV,79.42166666666667
O14638,875,19,571,600,30,ESLDCFCPHLQNSTQLEQVNQMLNLTQEEI,95.625
A6H8Y1,2624,11,331,360,30,HRARIEIKNKFKREEKTNGWRIDKAFQEKR,94.09966666666668
A1A4S6,786,22,661,690,30,HLLADGGSFGDWASTIPGQTRSSMVQWLNP,30.813
O00400,549,16,481,510,30,GASNQNCRTPDAVELCKKLGGSCVTALDGY,86.83099999999999
A2RUB6,948,2,61,90,30,CIGSEKLLQKKPVGSETSQAKGEKNGMTFS,40.123
O00622,381,0,1,30,30,MSSRIARALALVVTLLHLTRLALSTCPAAC,71.36766666666668
B2RUY7,222,5,151,180,30,DCAVPECVNPVYEPEQCCPVCKNGPNCFAG,92.86266666666668
A3KN83,1393,5,151,180,30,QVQLKDLLKNNSLNELMKLKPPANIAQPVA,30.88233333333333
O00560,298,0,1,30,30,MSLYPSLEDLKVDKVIQAQTAFSANPANPA,79.16999999999999
O14654,1257,38,1141,1170,30,AAAPGIGAAAAAAGFDSASARWFQPVANAA,35.120666666666665
O14654,1257,21,631,660,30,PPPPPPPPPAGGTGGKGKSGGRFRLYFCVD,46.292
O00329,1044,33,991,1020,30,CSKDIQYLKDSLALGKTEEEALKHFRVKFN,88.769
O00507,2555,72,2161,2190,30,TLNLLRREVSEHGHHLQQYFNLFVMYANLG,84.46233333333333
A6BM72,1044,29,871,900,30,WHRRRQKEKGRDLAPRVSYTPAMRMTSTDY,47.21966666666668
O14548,114,2,61,90,30,PELQKFFQKADGVPVYLKRGLPDQMLYRTT,94.02066666666666
B3KU38,563,17,511,540,30,HSQIESLNEELVQLLLIRDELHTEQDAMLV,94.85033333333334
O14497,2285,43,1291,1320,30,EPGIGPEGNMSTGAPQPNLMPSNPDSGMYS,33.697
A2RUB6,948,19,571,600,30,VDTIQMEYNASNISNSRHDSDEISGKMNTY,40.885666666666665
A6QL63,1104,28,841,870,30,LIQCLLKEFKTIQEEEYTEELVTQGLPLMF,89.515
A0A1B0GTW7,788,1,31,60,30,SVSLLRPPFSQLPSKSRSSSLTLPSSRDPQ,47.95766666666668
A1A4S6,786,12,361,390,30,KQWLEALGGKEALSHSFNTAIIPRPEGNAQ,54.88833333333335
A7E2V4,1837,49,1471,1500,30,AAAAVTAAATVVPVISVGSSLYPGPGLGHG,28.589
O14657,336,9,271,300,30,DYFIPFLPLEYRHVKMCVRAEMRARGSAID,95.289
O00159,1063,20,601,630,30,ATQFKMSLLQLVEILQSKEPAYVRCIKPND,90.671
O14508,198,1,31,60,30,PQAARLAKALRELGQTGWYWGSMTVNEAKE,95.42966666666668
O14524,444,8,241,270,30,EIWRCYWQYLLSYVLTVGFMSFAVCYKYGP,92.204
O00507,2555,56,1681,1710,30,NLREQHDALEFFNSLVDSLDEALKALGHPA,91.58933333333331
O00507,2555,55,1651,1680,30,VIFGHLAASQLQYYVPRGFWKQFRLWGEPV,89.23766666666667
O00748,559,10,301,330,30,LAINKPFKMIPGVVDGVFLPRHPQELLASA,95.773
O00462,879,26,781,810,30,LLSPTNYHFLSSPKEAVGLCKAQITAIISQ,94.78333333333332
O14638,875,5,151,180,30,QCPEGFDLPPVILFSMDGFRAEYLYTWDTL,97.55733333333336
A6H8Y1,2624,52,1561,1590,30,MKESVIQTARQVRGRLQRPRPNIRKTGQRQ,30.62333333333333
O00746,187,3,91,120,30,KPFYPALIRYMSSGPVVAMVWEGYNVVRAS,97.39433333333336
O00329,1044,16,481,510,30,HPVYYPALEKILELGRHSECVHVTEEEQLQ,89.02733333333335
O00444,970,26,781,810,30,ALESIISEEERKTRSAPFFPIIIGRKPGST,85.10833333333333
O14654,1257,3,91,120,30,GHRRYFVLKLETADAPARLEYYENARKFRH,90.68866666666666
O14503,412,9,271,300,30,MGERIGAIKQESEEPPTKKNRMQLSDDEGH,42.37566666666667
O00507,2555,43,1291,1320,30,LEVMTLCFALLPTALDALSKEKAWQTFIID,90.96833333333332
A7E2V4,1837,14,421,450,30,DEMVTLWRLAVLDPALSPQRRRELCTQLRQ,93.07733333333334
O14640,695,0,1,30,30,MAETKIIYHMDEEETPYLVKLPVAPERVTL,89.057
O00444,970,27,811,840,30,SSPKALSPPPSVDSNYPTRERASFNRMVMH,38.57366666666669
O14618,274,1,31,60,30,KSLQGVAGVQDVEVHLEDQMVLVHTTLPSQ,92.75633333333334
A4GXA9,379,2,61,90,30,AEALRLLRPEQVLKRLAVCVDTAILEDAGA,92.03866666666664
A6QL63,1104,35,1051,1080,30,LKNMMVLIENEAFKQLLYDKNGEGTGQDVL,76.17733333333334
O00507,2555,80,2401,2430,30,VAYQILQGNGDLKRKWTWAVEWLGDELERR,86.454
O00624,439,5,151,180,30,RTVQGMAQGMAWTGQFTIWAKWAPPLERSK,88.49766666666666
A7E2V4,1837,60,1801,1830,30,TPMGMMQFNDILQNLKRSKQTKELWQRVSL,78.12400000000001
O00507,2555,28,841,870,30,INCARQEAIRMVRVLTVIKEYINECDSDYH,87.36500000000001
O00462,879,17,511,540,30,AETVAEAWVSQNPNSNYFGDVHFYDYISDC,98.04533333333332
O00161,211,6,181,210,30,NPQIKRITDKADTNRDRIDIANARAKKLID,91.40433333333334
A6QL63,1104,14,421,450,30,RVGSIAELSDLVSRAMHHLQPLNAKHHGNG,72.36733333333333
A6QL63,1104,19,571,600,30,DLGFRMLNCGRTDLVKQAVSLLGPDGINTM,87.057
O00478,584,12,361,390,30,SVQRAEEPRDLPDNPERFEWRYCVLGCENF,94.179
O00507,2555,46,1381,1410,30,LRHLLNYAYNGNINIPNAEVLLVSEIDWLK,91.52833333333332
O00507,2555,54,1621,1650,30,GYPHQFEDKPALSKTEDRKEYNIGVLRHLQ,63.801666666666655
O00444,970,18,541,570,30,NTMKYMTALHSKPEIIQQECVFGSDPLSEQ,31.274999999999995
O14757,476,2,61,90,30,MLNHENVVKFYGHRREGNIQYLFLEYCSGG,92.75433333333334
O00444,970,24,721,750,30,ADFEVWFYDGVKIHKTEDFIQVIEKTGKSY,91.03166666666668
O00635,465,8,241,270,30,AQKLLQNVNDTLSRSWAVKLETSEAVSLEL,83.988
O00507,2555,17,511,540,30,LLWNLAQSDDVPVDIMDLALSAHIKILDYS,78.84866666666667
O00748,559,6,181,210,30,VLGFFSTGDKHATGNWGYLDQVAALRWVQQ,97.60733333333334
O14561,156,2,61,90,30,VTQLCRQYSDMPPLTLEGIQDRVLYVLKLY,86.27066666666664
O00507,2555,0,1,30,30,MTAITHGSPVGGNDSQGQVLDGQSQHLFQQ,28.203333333333333
O14744,637,8,241,270,30,KGFPVLSKMHQRLIFRLLKLEVQFIITGTN,96.02433333333332
O14654,1257,37,1111,1140,30,DLSPSSAPAVASAAEPTLALSQVVAAASAL,34.15133333333333
O14519,115,2,61,90,30,SKYAELLAIIEELGKEIRPTYAGSKSAMER,97.25666666666667
O14640,695,12,361,390,30,AAWLSHTAALTGALPRYGTSPCSSAVTRTS,49.567
A9UHW6,222,0,1,30,30,MGEPSREEYKIQSFDAETQQLLKTALKDPG,79.15699999999998
A6QL63,1104,32,961,990,30,TCIEIGYVKYSIFQLVMQYLYYGGPESLLI,84.49166666666666
O00237,685,17,511,540,30,NLPMWRFKCLGVQSEEEMSEGSQDTENDSE,50.26
O14640,695,3,91,120,30,AGSQGTDSHTDLPPPLERTGGIGDSRPPSF,41.17433333333334
A6NKB5,2137,18,541,570,30,LSKSSAEIVNDTEKTMPTSKSDLEAKEGQM,27.815000000000005
A7E2V4,1837,32,961,990,30,VAALGMKTTVSEAEHPLLCEGTRREKGDLA,91.613
A6NKB5,2137,39,1171,1200,30,VRDVAHLMWFERLYVWLQCFEKYILYPALI,86.47666666666667
O00300,401,10,301,330,30,SLPGKKVGAEDIEKTIKACKPSDQILKLLS,91.02866666666664
O00462,879,1,31,60,30,ICNGNGSLELPGAVPGCVHSALFQQGLIQD,98.16166666666663
O00337,649,13,391,420,30,ESKFRREEGVKLTYGDAQNLIEAASTGAAI,79.15566666666665
A6NGG8,1288,35,1051,1080,30,PHQPKLPNPPPESAPAQCKVPSPPTQHPEA,37.83
O00268,1085,30,901,930,30,YVSHATQQRLQNLVEKISETAQQKNFSYKD,90.16233333333334
A6NKB5,2137,2,61,90,30,FFYCSAVTIFFTIIKLVSYRLHLMFDKGEV,80.55399999999999
O00400,549,3,91,120,30,LAGSIPLILQSKNVSYTDQAFFSFVFWPFS,95.31933333333336
O14618,274,5,151,180,30,DGASHGGPQDSDRHRGDLGNVRADADGRAI,97.054
A7MD48,611,18,541,570,30,SSRSASRSYSRSRSRSRSRRRSRTRTSSSS,36.32000000000001
O14640,695,15,451,480,30,VDWLYTHVEGFKERREARKYASSLLKHGFL,92.67733333333334
O00507,2555,76,2281,2310,30,FVRTSYVKKIIEDCSNSEDTIKLLRFCSWE,88.33133333333333
A6NCS4,301,8,241,270,30,YSCYGGYSGAPYGAGYGTCYAGAPSGPAPH,48.88033333333335
A0PK11,232,2,61,90,30,IYYGLFRGCKVRQCGLGGRQSQFTIFPHLV,95.02433333333332
O00254,374,3,91,120,30,SLSTKLIPAIYLLVFVVGVPANAVTLWMLF,93.865
A6NKB5,2137,25,751,780,30,TTSESQDPSSGDPAVSALQQQLLLMVARRT,28.87433333333333
O00453,97,2,61,90,30,RLPVPSSEGPDLRGRDKRGTKEDPRADYAC,52.49333333333334
A7MD48,611,12,361,390,30,FQSPCLECAEVKKSSLVPSTARSSPMKGCS,40.518000000000015
B6A8C7,271,8,241,270,30,AVIVVIMGAFLVEAWYSRNVSPGESEAFKP,77.60633333333331
O14497,2285,52,1561,1590,30,VPPMTRPPPSNYQPPPSMQNHIPQVSSPAP,35.618
O00624,439,10,301,330,30,STLLHVNIRDSGVLSSLPFIAAASCTILGG,87.67866666666664
D3W0D1,207,0,1,30,30,MENEDGYMTLSFKNRCKSKQKSKDFSLYPQ,47.34666666666666
O14497,2285,31,931,960,30,GQGINSMAGMINPQGPPYSMGGTMANNSAG,33.37333333333333
O00268,1085,9,271,300,30,PPPPPAPATLARPPGHPAGPPTAAPAVPPP,45.44866666666666
A2RUB6,948,6,181,210,30,KSQYSLYLNSISNQPKDENIMGLFKKTEMV,38.60433333333334
A6H8Y1,2624,3,91,120,30,VSQRRKRISSTSSLVKSSVSVPSESHPLST,33.598
A8MW99,385,11,331,360,30,GNTSSIGHDDQEIKKFLQKHDETIFQLSDA,72.76433333333333
B7U540,433,6,181,210,30,MAKMARPKKRAQTLLFSHNAVVALRDGKLC,94.02166666666668
A6H8Y1,2624,8,241,270,30,GPLLVPRVKVAEDGSIILDEESLTVEVLRT,68.443
A7XYQ1,873,16,481,510,30,PGAPLPSLPFPPVSMMPNGPMPVPQMMNFG,48.59966666666667
O14640,695,5,151,180,30,RNREEAARTNGHPRGDRRRDVGLPPDSAST,40.798
O00444,970,11,331,360,30,STDFSSSGDGNSFYTQWGNQETSNSGRGRV,30.154333333333337
O00254,374,11,331,360,30,NNTDGLYFIYLIALCLGSLNSCLDPFLYFL,79.65166666666667
A6QL63,1104,29,871,900,30,EILKASKNEVISQQLCVIFTHCYGPYPIPK,89.58933333333333
O14654,1257,29,871,900,30,GSPSKPSDHEPPKNKAKRPNRLSFITKGYK,37.23166666666667
A6NNB3,132,3,91,120,30,MWTLVPPLLLLGLVVTGALHLARLAKDSAA,86.12400000000001
O00159,1063,29,871,900,30,LQQKAVASEIFKGKKDNYPQSVPRLFISTR,87.16266666666665
O14497,2285,24,721,750,30,GNQMPPRPPSGQSDSIMHPSMNQSSIAQDR,31.325000000000003
A7MCY6,615,15,451,480,30,HVKAGFQGRRSYSELAEGAAYAGASPPWLQ,38.036
A7E2V4,1837,34,1021,1050,30,PQTLSSFYSSSRPTTASQRSPSKHGGPSAP,28.72266666666666
A0PK11,232,5,151,180,30,AIASFVAAVKFHDLTERIANFQEKLFQFVV,95.635
B1AK53,854,2,61,90,30,LPAAARARNGATPAHDASATGHLACLQWLL,96.81
O14497,2285,51,1531,1560,30,EMLHTDQRANHEGSWPSHGTRQPPYGPSAP,31.039333333333325
A6H8Y1,2624,17,511,540,30,ECSKEQMLSCTQNIDGIVGFASTEKVEKRT,31.933666666666664
A6NGG8,1288,13,391,420,30,RQSGHTWQQSPFCLGSGRPQDCLLSGAPMA,31.391000000000005
O00291,1037,6,181,210,30,FFQLTVEMFDYLECELNLFQTVFNSLDMSR,90.732
O00268,1085,27,811,840,30,QAAAAQKNKLKEPGGGSFRDDDDINDVASM,51.349
O00116,658,19,571,600,30,YDAGACIYFYFAFNYRGISDPLTVFEQTEA,97.55966666666664
A8MQ03,144,0,1,30,30,MDPQEMVVKNPYAHISIPRAHLRPDLGQQL,70.736
A2RUB6,948,0,1,30,30,MNLGDGLKLETELLDGKTKLILSPYEHKSK,79.55233333333334
A1A519,330,8,241,270,30,EALQEHVQFGIREGFSCHVFHLTMAQLTGN,88.60199999999999
O00268,1085,22,661,690,30,LPALRQLTPDSAAFIQQSQQQPPPPTSQAT,68.41366666666666
A0JNW5,1464,14,421,450,30,HASPQHTQTEKDYPLKGTCRTPSVLSQQSK,33.28266666666666
O00254,374,0,1,30,30,MKALIFAAAGLLLLLPTFCQSGMENDTNNL,39.37700000000002
A2RUB6,948,30,901,930,30,MVKNRDRQQAILKGLSELRQGLLQKQKELE,89.33133333333333
O00712,420,10,301,330,30,RTWHERDQDMSSPTTMKKPEKPLFSSASPQ,41.434
A6BM72,1044,23,691,720,30,KDCSQACPPGFWGPACFHACSCHNGASCSA,87.07833333333333
A4D1B5,854,1,31,60,30,AGSGGADVLENDYESLHVLNVERNGNIIYT,69.87433333333334
A6H8Y1,2624,29,871,900,30,QSDLKETGRRAISPREKILDVIDDTIEMET,37.96266666666666
O14628,629,16,481,510,30,LSNHKRTHSEEKPYTCEECGNIFKQLSDLT,78.252
A6H8Y1,2624,2,61,90,30,AEPQEKAPRSSTEKTGGDNDVEESSRSSST,35.96133333333332
A6NKB5,2137,54,1621,1650,30,DEDSPLVTLSFALCTLGRRALGTAAHNMAI,83.52566666666665
O00746,187,5,151,180,30,HASDSVEGAQREIQLWFQSSELVSWADGGQ,91.9413333333333
O00330,501,8,241,270,30,PTAPSPLQATAGPSYPRPVIPPVSTPGQPN,53.354
O00291,1037,21,631,660,30,AEQVIQDALNQLEEPPLISCAGSADHLLST,81.05433333333333
O00635,465,7,211,240,30,RLRDYEAGLGLKSNELKSHILELEEKCQGS,91.936
A6QL63,1104,34,1021,1050,30,SINTDNCVDIYNHAKFLGVTELSAYCEGYF,91.61866666666668
O00329,1044,32,961,990,30,ERAYTILRRHGLLFLHLFALMRAAGLPELS,92.015
O00507,2555,13,391,420,30,IQQNNILSIVLQDSLHQPQYVEKLEKILRF,84.26466666666667
A6NGG8,1288,31,931,960,30,SQSPEVKGGTWSQAEKATSLYRQPRKAIAW,36.20033333333334
A0JNW5,1464,38,1141,1170,30,KGNKKNSTTNYRGTAESVNAGANLQNYGET,31.03966666666666
A0A1B0GTW7,788,14,421,450,30,WYQVNHSAAEELLWGQGSGPEFGLVTTCGT,88.16633333333333
O00337,649,10,301,330,30,MGTTATETLSVAGNIFVSQTEAPLLIRPYL,91.76266666666668
O00268,1085,35,1051,1080,30,TRQRITRVNLRDLIFCLENERETSHSLLLY,86.58333333333334
A6NGG8,1288,3,91,120,30,GLIPGTKTSSSQLNKSQSHMAKDIPFKTQG,38.52433333333333
A6BM72,1044,24,721,750,30,EDGACHCTPGWTGLFCTQRCPAAFFGKDCG,88.60866666666668
A2A2Y4,597,9,271,300,30,FYVIGTQKEKKAMLAFHTSTPAACKHLWKC,90.99166666666666
A7XYQ1,873,13,391,420,30,GPVPLPIFMEQQIMQQIRPPFIRGPPHHAS,65.77466666666666
A2RUB6,948,16,481,510,30,KKQLEEEQRKKEEQEEELRLAQEREEMQKQ,84.94766666666665
A8MW99,385,8,241,270,30,EKTLLHAILGNNHINQFQVQHYVSQSLVTL,82.071
O00291,1037,11,331,360,30,DLMDMDASQQNLFDNKFDDIFGSSFSSDPF,34.343666666666664
C9JLW8,97,0,1,30,30,MTSSPVSRVVYNGKRTSSPRSPPSSSEIFT,61.25266666666667
A5D8V7,595,10,301,330,30,ISECKKRAEEKKLENERMERKTHREHLLLQ,70.98100000000001
O14654,1257,18,541,570,30,GGNQCSRDGQGTAGGHGSGGGQRPGGGHGS,38.16133333333334
A7MCY6,615,9,271,300,30,DLASNQSERDMAWVKRVGDDQVNLALAYTE,88.43966666666667
O14640,695,17,511,540,30,SGSSGTSDQDTLAPLPHPAAPWPLGQGYPY,40.83233333333333
A4D1B5,854,8,241,270,30,DESYNLMFEVPLDISLSNSGFKLVNFGCDY,80.0133333333333
O14638,875,23,691,720,30,GFLYPPASNRTSDSQYDALITSNLVPMYEE,97.31799999999998
O00237,685,21,631,660,30,GCLLMGLPCGHVFHQNCIVMWLAGGRHCCP,86.97833333333332
O00462,879,10,301,330,30,YNMTVLFELDGGLNIEKSAKVYFRTVELIE,95.79133333333333
O14640,695,19,571,600,30,EGSKSSGSTRSSRRAPGREKERRAAGAGGS,37.37033333333333
O00624,439,11,331,360,30,QLADFLLSRNLLRLITVRKLFSSLGLLLPS,92.81533333333331
A6H8Y1,2624,66,1981,2010,30,GSTEAAITLLTMGDLVLQSEISSEQGDVGV,48.14366666666668
O14804,337,7,211,240,30,PCLIMISLYVKIFVVATRQAQQITTLSKSL,89.41833333333334
B1AK53,854,13,391,420,30,KGQHPPCGLSSARAADIQSYMDMLNPELGL,45.256
A3KN83,1393,28,841,870,30,LITSQDAVERAQQMKKDLLDKLEKLAEDLP,82.82600000000001
O00237,685,0,1,30,30,MWLKLFFLLLYFLVLFVLARFFEAIVWYET,84.23666666666665
A2RUB6,948,1,31,60,30,ISVKMGNKAKIAKCPLRTKTGHILKSTQDT,44.55066666666666
A1X283,911,13,391,420,30,AGLKVEVIEKNLSGWWYIQIEDKEGWAPAT,84.105
O14497,2285,33,991,1020,30,TESKSKKSSSSTTTNEKITKLYELGGEPER,54.02666666666666
A7MCY6,615,19,571,600,30,SINLLMETVGSDIRSCPLCQLGFPVGYPDD,67.45166666666667
A6H8Y1,2624,12,361,390,30,PFDFDFFAHLLQKVLAEEEKRKQKSVKNHS,78.67033333333332
A7E2V4,1837,53,1591,1620,30,HTEPGLPLPTSVACELWGQGTVSSVHPAST,27.59433333333333
O00635,465,12,361,390,30,LGVCMENVQRGTGMKQEPQSGFWTLRLCKK,93.28600000000002
O14657,336,0,1,30,30,MLRAGWLRGAAALALLLAARVVAAFEPITV,53.16533333333334
O00329,1044,9,271,300,30,TPHLTMVHSSSILAMRDEQSNPAPQVQKPR,74.00899999999999
A6NKB5,2137,27,811,840,30,KFIIFPGKWIKVWYDRLTLLALLDRTEDIK,68.35833333333333
O00507,2555,59,1771,1800,30,YHCEKCDKKVDTVKRLLIKKLPRVLAIQLK,91.62966666666668
O00254,374,4,121,150,30,FRTRSICTTVFYTNLAIADFLFCVTLPFKI,89.84700000000001
O00254,374,8,241,270,30,DITTCHDVHNTCESSSPFQLYYFISLAFFG,76.58866666666667
O00507,2555,57,1711,1740,30,ILSKVLGGSFADQKICQGCPHRYECEESFT,89.82533333333335
O14497,2285,39,1171,1200,30,SQIPPLPGMSRSNSVGIQDAFNDGSDSTFQ,29.817666666666664
O00300,401,5,151,180,30,SNETSSKAPCRKHTNCSVFGLLLTQKGNAT,86.41566666666664
A2RUB6,948,5,151,180,30,CLTQDQLQQILMTVNQGNRSLSLTENGKEA,60.18066666666667
A0JNW5,1464,8,241,270,30,LLWVLTDSQLKAMVQYAKSLSEAIEKSTEQ,80.873
A7XYQ1,873,25,751,780,30,PAPPKKLLSPEEPAVSELESVKENNCASNC,42.61666666666667
A6NGG8,1288,19,571,600,30,RTVVPPRPSTVSGSRRAPERQTRSQSESCL,41.93099999999999
O00591,440,3,91,120,30,RWMDQRLVFEGNKSFTLDARLVEFLWVPDT,90.32033333333332
O00624,439,4,121,150,30,MLGAGLLISSLLTLFTPLAADFGVILVIMV,95.36533333333334
O14763,440,5,151,180,30,EMCRKCRTGCPRGMVKVGDCTPWSDIECVH,93.93366666666668
O00507,2555,36,1081,1110,30,FFGPSASQVLYLTEVVYALLMPAGVPLTDG,83.62133333333333
A0JP26,581,17,511,540,30,KLSLSHKKEEDLLRENSMLREEIAMLRLEL,81.47633333333333
O00507,2555,9,271,300,30,TLKKYFIPVIEIVPHLLENLTDEELKKEAK,82.127
E0CX11,47,0,1,30,30,MLQFLLGFTLGNVVGMYLAQNYDIPNLAKK,87.71999999999998
A6NKB5,2137,26,781,810,30,QSETPRHVSQDLEASSCSSTQGKFNREQFY,32.895999999999994
O00507,2555,15,451,480,30,HDLLAKLAWDFSPGQLDHLFDCFKASWTNA,78.17266666666666
A7XYQ1,873,26,781,810,30,HLDGEAAKKLMGEEALAGGDKSDPNLNNPA,38.426
A3KN83,1393,0,1,30,30,MVEPGQDLLLAALSESGISPNDLFDIDGGD,34.444
A0A1B0GTW7,788,13,391,420,30,LQGSLMTATFDGAQRTRLDPITLAAFKDSG,92.346
A4GXA9,379,0,1,30,30,MARVGPGRAGVSCQGRGRGRGGSGQRRPPT,38.71666666666667
A6NKB5,2137,62,1861,1890,30,WFWTKWVRMRKDCNARQHSGGNIEDVDGGG,54.30800000000001
A6BM72,1044,32,961,990,30,SYVEMKSPVHMGSPYTDVPSLSTSNKNIYE,36.976333333333336
O00478,584,3,91,120,30,APYRGRTSILRDGITAGKAALRIHNVTASD,95.522
A1X283,911,18,541,570,30,RERQRTEQLRGPTPKPPGVILPMMPAKHIP,46.455000000000005
B3KU38,563,3,91,120,30,FSDSSTPDYREDGMDLGSDAGSSSSSSRAS,46.40000000000001
A0A1B0GTW7,788,20,601,630,30,TNEDINAVTSPPVSLSTPDPLFQLSLELAG,51.15366666666667
A6QL63,1104,33,991,1020,30,KNNEIMELLSAAKFFQLEALQRHCEIICAK,91.014
O00712,420,5,151,180,30,LMKSPHCTNPALCVQPHHITVSVKELDLFL,95.17499999999998
O00330,501,0,1,30,30,MAASWRLGCDPRLLRYLVGFPGRRSVGLVK,41.00933333333332
O00748,559,5,151,180,30,LVFGMASLYDGSMLAALENVVVVIIQYRLG,95.56033333333332
B2RUY7,222,1,31,60,30,ADEGDQISSNDNLIFDDYRGKGCVDDSGFV,60.45466666666668
O00462,879,2,61,90,30,SYYRFNDLNYRWVSLDNWTYSKEFKIPFEI,97.94966666666669
O14497,2285,44,1321,1350,30,PSRYPPQQQQQQQQRHDSYGNQFSTQGTPS,32.0
A6NKB5,2137,24,721,750,30,NQKEGPLQPLPSNNDCLSQAREMQVSSSST,28.71433333333333
O14757,476,1,31,60,30,TEEAVAVKIVDMKRAVDCPENIKKEICINK,81.54066666666667
A7E2V4,1837,37,1111,1140,30,VPSRLALGSRGGYNGRGWGSPGRPKKKHTG,25.984333333333336
O00159,1063,26,781,810,30,KWAAQTIRRLIRGFVLRHAPRCPENAFFLD,79.80533333333332
A2A2Y4,597,11,331,360,30,FRYSGKVAKEVVEASSKIQREPPEVHRANI,90.47299999999998
O14744,637,0,1,30,30,MAAMAVGGAGGSRVSSGRDLNCVPEIADTL,70.46766666666666
O00165,279,2,61,90,30,FGFGFSFSPGGGIRFHDNFGFDDLVRDFNS,53.96066666666668
A7E2V4,1837,50,1501,1530,30,HSPGLHPYTALQPHLPCSPQYLTHPAHPAH,30.448333333333338
O00635,465,11,331,360,30,TAFPCVLGCEGFTSGRRYFEVDVGEGTGWD,94.07033333333334
O14638,875,3,91,120,30,ESTRIWMCNKFRCGETRLEASLCSCSDDCL,96.91033333333333
A6NGG8,1288,21,631,660,30,AKGQGQSQEQILQPRAAAVWPNGTCRVSPS,36.501
O00291,1037,17,511,540,30,KELEDSLERISDQGQRKTQEQLEVLESLKQ,71.93633333333334
A6H8Y1,2624,85,2551,2580,30,SQEKNRESSDLLPSPSVITTQSENISSSAT,33.53066666666668
O14497,2285,38,1141,1170,30,MQGPQTPQSTSSSMAEGGDLKPPTPASTPH,32.33466666666667
B6A8C7,271,1,31,60,30,LSAWPSSVVPANSNVTLRCWTPARGVSFVL,94.50199999999998
A7MD48,611,17,511,540,30,SARKRPIPYYRPSPSSSGSLSSTSSWYSSS,50.10633333333333
A3KN83,1393,11,331,360,30,IAGIIYENYLLSRKRALWFSVSNDLKYDAE,91.924
A0A1B0GTW7,788,21,631,660,30,PPGHSLGKEQQEGLAEAVLEALASKGGTGR,76.85600000000001
O00505,521,14,421,450,30,SVKDSQVVQVVLDGLKNILIMAGDEASTIA,95.67466666666664
A6H8Y1,2624,70,2101,2130,30,AKPKPNLEKTLGTNRLDDYQEVSSLCVTKG,31.825
O00337,649,14,421,450,30,SVKVVANIAANLIAFLAVLDFINAALSWLG,92.23366666666666
A3KN83,1393,35,1051,1080,30,KSIVNLDSPMVSPPPDYPGEFFKDVRQGLI,85.38333333333334
O00159,1063,24,721,750,30,KTLFATEDALEVRRQSLATKIQAAWRGFHW,86.55033333333334
O00409,490,6,181,210,30,QSIGKGSLWCIDPEYRQNLIQALKKTPYHP,82.839
A6BM72,1044,30,901,930,30,SLSGACGMDRRQNTYIMDKGFKDYMKESVC,32.568333333333335
B1AK53,854,3,91,120,30,SQGGCRVQDKDNSGATVLHLAARFGHPEVV,96.52866666666668
O00507,2555,83,2491,2520,30,PSPSEDAPLYPHSPASQYQQNNHVHGQPYT,29.954000000000004
O00712,420,12,361,390,30,PPPSPLPFPTQAILPPAPSSYFSHPTIRYP,45.167
A5D8V7,595,16,481,510,30,GRFAGKELDPQADNYVPNLLGLVEEKLLKL,79.41666666666667
A7XYQ1,873,19,571,600,30,AAAGGKPSGHSLSPRDSKQGSSKSADSPPG,40.01233333333333
O00505,521,9,271,300,30,DGGNEQIQMVIDSGVVPFLVPLLSHQEVKV,95.82266666666668
O14628,629,3,91,120,30,GSSDLPASASQSAGITGVNHRAQPGLNVSV,25.130666666666663
A1A519,330,4,121,150,30,KEERGMKIYYMQVQMNKGVAVSWETEETLE,68.06466666666667
O14628,629,5,151,180,30,SHFTQDLLPEQGIQDAFPKRILRGYGNCGL,24.587666666666664
B7U540,433,7,211,240,30,LMWRVGNLRKSHIVEAHVRAQLIKPRVTEE,96.07333333333334
O00329,1044,3,91,120,30,DVQPFLPVLRLVAREGDRVKKLINSQISLL,89.05633333333334
O00507,2555,42,1261,1290,30,PNEEITKIYQMTTNGSNKLEVEDEQVCCEA,78.64166666666667
A0JP26,581,13,391,420,30,KVSENSQPEKMSQEPEINKDCDREVEEEIK,39.85033333333333
O00624,439,8,241,270,30,ISVREKEHILSSLAQQPSSPGRAVPIKAMV,76.38666666666668
A5D8V7,595,3,91,120,30,SSQWNIKKNQETISQLRKETKALELKLLDL,93.27166666666668
O00444,970,8,241,270,30,LIHQLLRRNPADRLSLSSVLDHPFMSRNSS,89.28466666666667
A6H8Y1,2624,77,2311,2340,30,NPLLPAPILVKSVNTEERGDMSICLPATSV,33.79266666666667
A1A4S6,786,21,631,660,30,EDTPTSSLDSLSSPSPVTTAVPGPPGPDKN,38.083333333333336
O14508,198,3,91,120,30,GPTNLRIEYQDGKFRLDSIICVKSKLKQFD,82.02833333333334
O00268,1085,15,451,480,30,LPPGMVLVRSENGQLLMIPQQALAQMQAQA,73.68466666666669
O14638,875,22,661,690,30,VPDCLRADVRVPPSESQKCSFYLADKNITH,96.97233333333337
O00291,1037,30,901,930,30,EELMVCSHEIAASTAQLVAASKVKADKDSP,92.579
O00329,1044,10,301,330,30,AKPPPIPAKKPSSVSLWSLEQPFRIELIQG,79.18566666666668
O00478,584,0,1,30,30,MKMASSLAFLLLNFHVSLFLVQLLTPCSAQ,67.33833333333335
B6A8C7,271,5,151,180,30,QLFVPIMFALLKAGTPSPIQLQSPAGKEID,92.41100000000002
O00591,440,11,331,360,30,SLQQMAAKDRGTTKEVEEVSITNIINSSIS,67.20366666666666
O00329,1044,6,181,210,30,GTLRLPNRALLVNVKFEGSEESFTFQVSTK,79.70633333333333
